1,"Declan","KOF66NCD6NX","2018-08-19 18:50:31"
2,"Hashim","AAM82IJF9PI","2017-06-09 00:49:54"
3,"Quentin","WJK62NFH5NN","2016-10-09 23:46:00"
4,"Genevieve","KLX51KJJ2ZK","2017-07-02 13:17:19"
5,"Carter","XTA00IYO2OI","2013-10-15 03:27:28"
6,"Juliet","LEW83QBP5HK","2017-08-07 11:25:48"
8,"Eliana","XFN04MPO2HN","2012-03-06 16:54:26"
9,"Colton","FHT01PBG8RL","2011-09-16 01:40:07"
10,"Neville","ZBG91OEH4MR","2014-04-10 10:44:27"
11,"Gage","HGH67RAT5QA","2014-01-14 06:29:45"
12,"Lacey","WPS64ILL7IK","2018-09-18 12:17:26"
15,"Cathleen","VNJ89FOK1QR","2017-08-31 12:27:57"
16,"Carlos","AFA87CYQ9IT","2018-11-16 13:17:52"
17,"Macy","WDB71QNY6BF","2017-11-11 13:16:26"
18,"Ocean","ZSQ52TRN1PZ","2015-10-09 03:31:32"
19,"Montana","RXC08XKT5YI","2011-08-27 03:37:32"
20,"Simone","SUJ17CJZ9UX","2012-01-03 09:26:38"
21,"Derek","REB76QPB4ML","2011-04-05 21:16:59"
22,"Cairo","EGE34WLJ5QX","2011-03-21 10:31:55"
23,"Vivien","UCT75IFS2YJ","2014-12-10 06:50:14"
24,"Henry","FTY30VKJ3KC","2016-09-17 04:46:17"
25,"Ignatius","XJW84NFY4MT","2012-06-28 14:23:26"
27,"Samson","PDU01RLD0IQ","2018-03-23 08:35:47"
28,"Summer","NSE02OPM4SV","2014-02-07 11:57:41"
29,"Quin","WML37XIV2BI","2011-11-08 17:40:03"
30,"Chiquita","IWJ06DHA8PY","2018-09-03 20:50:07"
31,"Nelle","NMZ44SOW1JR","2016-09-22 03:39:33"
32,"Gemma","CRL78WUO3UE","2016-08-04 18:48:37"
33,"Barry","JTK31NVC5NX","2017-08-10 12:37:28"
34,"Jolie","QEP59SYY6JV","2011-07-01 23:48:00"
35,"Brittany","WBY21MLW0RO","2016-10-09 18:20:36"
36,"Guinevere","YWV32PZM5IF","2017-12-15 16:40:51"
37,"Cleo","KMG06TXN5BL","2012-10-03 15:40:59"
38,"Daniel","JWL96NRS8HP","2013-02-24 00:08:56"
39,"Quemby","BSO27BCF3TC","2012-06-13 12:26:20"
40,"Vera","QTT02DMR9JJ","2014-10-01 12:19:04"
41,"Angelica","QST93UFD0TV","2016-11-16 22:13:07"
42,"Jasmine","LWK95MQF0CP","2013-08-29 16:22:22"
43,"Arsenio","SYI52DLT6HV","2014-05-04 02:04:24"
44,"Dahlia","SNS04DDN2YF","2012-07-15 13:20:36"
45,"Aspen","MFM60GAH1MR","2011-05-26 07:44:19"
46,"Cedric","AUC16RNX6AR","2012-04-03 10:25:59"
47,"Harlan","AWT62BXD7KO","2011-08-09 17:21:58"
48,"Axel","BHL03WTR5CZ","2011-01-18 15:30:21"
49,"Karina","BZJ54LDV8QP","2011-10-16 23:05:09"
50,"Scott","NLG63RID8GC","2017-06-26 11:50:52"
51,"Jarrod","QMV32CVF3BM","2012-04-12 04:14:51"
52,"Ulysses","LGY61WEA3WM","2011-12-08 11:46:45"
53,"Quamar","SFG27DEZ1LT","2014-07-10 21:29:49"
54,"Solomon","DIY40EDA6XZ","2017-09-08 06:12:25"
55,"Fuller","ZIY71VUY1DQ","2013-04-29 14:48:37"
57,"Matthew","CBS58LSO8NT","2015-08-08 17:17:57"
58,"Kelly","SGG51CVK7WK","2017-09-18 06:43:10"
59,"Salvador","KRG89OYH2LA","2018-01-18 22:26:56"
61,"Jocelyn","OKR31SCA4YD","2017-05-18 17:35:50"
63,"Cooper","XWC94UKV1GV","2012-06-17 00:17:42"
64,"Eaton","GZI90GMJ2HK","2012-08-29 15:41:11"
65,"Charity","CUF30SPP7YI","2013-07-31 15:08:18"
67,"Micah","LQQ41JEQ6VD","2011-03-27 17:21:19"
68,"Donna","KGZ82OEG9LT","2018-07-03 03:24:21"
69,"Anne","SHQ78DYH3AQ","2018-01-17 17:32:21"
70,"Charissa","FYA77BJM0EN","2018-02-07 11:55:30"
71,"Byron","FAX89CKW3JP","2018-08-04 18:49:02"
72,"Montana","KOI54ULZ8AY","2014-10-18 02:55:12"
73,"Samantha","GHW92FGZ1OA","2017-03-09 11:26:46"
74,"Josiah","VSS78OER8WA","2018-12-29 13:59:30"
75,"Amos","ZSX23LSR0MJ","2018-10-20 23:14:19"
76,"McKenzie","VQG31MHN7VP","2015-06-13 20:38:27"
77,"Thane","MYO39GWI8NR","2012-03-07 10:37:34"
78,"Ocean","SQA01ONW8CH","2016-04-11 16:50:59"
79,"Gillian","MVO89SYA6IO","2013-07-06 20:54:02"
80,"Nasim","FVS09BVC0CI","2017-03-09 20:36:38"
81,"Aimee","OLZ98XAP2EV","2014-02-01 23:09:56"
84,"Blair","QNY03GUX4JH","2016-12-04 06:21:29"
86,"MacKenzie","ZEC26WAD6CX","2013-09-11 06:27:35"
87,"Briar","VQN27EEP7NC","2014-11-19 03:00:36"
88,"Irene","VGF34RJD4OC","2016-02-26 02:45:17"
89,"Gwendolyn","SNI51KJO2BZ","2013-07-23 19:05:17"
90,"Neve","XTV04STM7QN","2014-02-09 23:57:27"
92,"Nichole","UIA02RSB9ZP","2011-08-22 13:43:42"
93,"Madaline","GZY33SCO5ST","2011-04-17 09:35:11"
94,"Cleo","NHC37SRJ4LA","2014-04-17 05:21:31"
96,"Forrest","HBP73OGK7NI","2016-07-08 12:36:49"
97,"Travis","IRV08XHZ2TK","2018-09-20 05:50:00"
98,"Russell","LRO67HCW3XN","2014-12-19 18:40:28"
99,"Alisa","MHF73WYN6ZL","2013-08-11 19:25:15"
101,"Hu","CIV41DXI1TO","2013-01-10 22:03:20"
102,"Mariko","CRT89GLD8QQ","2018-02-06 01:38:50"
103,"Cathleen","ESW61GKU1IC","2012-11-30 15:03:46"
104,"Hilel","RHA34XGY1SC","2018-04-26 01:49:00"
106,"Rhonda","UWN48PBH1UR","2016-09-20 15:32:39"
107,"Amelia","XMO70LBY7RQ","2016-04-06 06:46:32"
108,"Todd","IDN69ZJK4SW","2012-06-13 22:39:11"
109,"Nigel","ZOG61OOT2QX","2016-09-25 02:20:50"
111,"Cassady","VUK89GLP1ZX","2017-05-02 10:13:14"
112,"Scott","JCA26VHV8IO","2013-02-18 08:30:49"
113,"Charde","JAI49JCX9DV","2018-10-18 15:23:08"
114,"Sheila","ADB19YLC3LU","2015-03-28 01:35:26"
115,"Jacob","BUC02OQY6GS","2018-06-18 10:42:34"
116,"Melinda","GXM00BIT1RV","2018-04-29 00:07:59"
117,"Hoyt","XDX43EST7JW","2013-05-31 02:55:45"
118,"Kaseem","GIR56ZUL2XF","2012-10-21 07:08:57"
119,"Michael","XDP44DKR3RZ","2015-01-27 04:28:42"
120,"Francis","XNG30WHG8UF","2014-06-04 07:05:58"
121,"Akeem","APE67KLY5AB","2011-09-14 20:43:16"
124,"Dennis","VEF87PAG0AQ","2016-07-22 23:42:17"
125,"Kirby","TVB63DEB8ID","2018-04-08 18:47:39"
126,"Darius","HYK04DWY6OM","2017-09-10 18:45:28"
127,"Richard","DNT28ZEI5AR","2015-10-22 04:42:52"
128,"Germane","HTU18YTN8FF","2015-02-11 11:09:01"
129,"Violet","QOT90CHP9TL","2011-09-12 20:55:37"
130,"Adam","VJI46TQX0HP","2015-08-10 04:28:17"
131,"Paloma","HRC50VBC9ZF","2018-10-28 14:18:53"
132,"Andrew","BJS46HTZ7HX","2014-09-23 13:17:47"
134,"Deacon","MEB34FDI2YH","2016-06-17 05:13:47"
136,"Davis","LHM68JLS5ZY","2017-08-29 01:16:52"
137,"Meghan","APC48ULF6JG","2012-01-03 20:15:16"
138,"Zane","HBU63CQG5JO","2014-12-24 20:52:14"
139,"Aladdin","GGR80ZDA8EU","2012-11-06 04:34:53"
140,"Zorita","PDP70HBM2WB","2013-07-10 12:17:42"
141,"Edward","AXT13JGU0BT","2016-12-23 19:57:14"
142,"Melyssa","ZYJ39DVF8RK","2015-08-05 06:54:54"
143,"Daquan","ZGK18CDO4JG","2018-01-29 13:20:42"
144,"Rhonda","RAJ44PAI3YD","2015-04-11 00:58:14"
146,"Ruby","TYI11QMQ8QZ","2018-06-03 04:39:42"
147,"Barrett","AXN38GOX6UR","2011-03-19 11:17:57"
149,"Branden","KMV89JDQ6BD","2011-04-13 22:53:05"
150,"Kadeem","ACL18AQN4KM","2015-07-24 03:52:36"
151,"Hiram","RNK09VMB2ZO","2015-10-17 12:01:19"
152,"Carl","PUM02HZJ7VF","2014-03-24 04:36:56"
153,"Marshall","MHJ85BOI7JB","2015-06-06 16:39:18"
154,"Lyle","HDN85LGL6LY","2015-02-15 07:06:10"
155,"Luke","FQS44QPC4KJ","2018-04-21 03:39:04"
156,"Aretha","PRD64AYD6HF","2014-12-09 17:02:25"
157,"Micah","XWS17LRB9TK","2011-11-24 09:43:22"
158,"Alden","JRG53DDH2HK","2016-05-26 06:38:35"
159,"Hiram","KHP39NRM8KE","2018-11-22 00:54:13"
162,"Judith","QHS94WHX8XE","2018-01-21 17:04:41"
163,"Mira","CKN12WUO4RU","2015-07-03 01:28:21"
164,"Nigel","OKD33PLN4SQ","2016-03-10 23:21:10"
165,"Claudia","BJD45XPI1PT","2017-08-06 19:51:18"
166,"Cody","BFP51MNQ5WF","2015-04-03 03:31:24"
167,"Teagan","ZHP01MXU3RJ","2018-07-30 01:50:22"
168,"Audra","KAM15HSU7WE","2015-03-13 20:32:18"
169,"Anjolie","PRX09DPH4NK","2013-12-06 16:51:33"
173,"Kylee","DVR30PKO9FH","2017-09-18 17:19:05"
175,"Amethyst","JEG99VDF4IF","2011-08-01 12:32:33"
176,"Holmes","QWL37VOP4CK","2015-01-20 17:02:25"
177,"Howard","BSX61HGT1YE","2014-06-27 11:41:06"
178,"Flynn","AZD02ZMU0GH","2011-12-17 12:06:27"
179,"TaShya","KEK07HJW1BJ","2011-12-07 14:52:49"
180,"Regan","CNG24XCB4HK","2015-12-13 13:55:44"
181,"Macon","VRC36VWW6TG","2012-09-13 11:11:15"
182,"Tobias","ZKI28OYV5OB","2013-05-16 02:44:20"
185,"Ferris","XOR31KME5IX","2013-07-27 01:43:39"
186,"Elijah","RYH79STY9TB","2016-05-16 11:51:16"
187,"Velma","HJE18LZH7SN","2015-06-24 15:03:53"
188,"Malcolm","ECH92VCF6PV","2015-10-29 03:15:39"
189,"Justin","GVJ19BIU7UX","2014-01-29 17:13:56"
191,"Bell","NUJ33KBW2EI","2012-08-09 18:26:30"
192,"Gareth","LXH68QKE8XY","2013-10-28 01:19:12"
193,"Felix","CGQ24MOE3FR","2017-09-11 08:43:10"
194,"Elliott","ELN45VGM0CG","2018-01-06 00:50:59"
195,"Neil","XIS02LVP1PP","2018-05-20 02:06:36"
196,"Alvin","ILN44QVF4IA","2012-01-09 06:49:10"
197,"Rowan","HHA57DJO1WJ","2011-08-18 21:11:59"
198,"Josiah","QEA52LOU4SP","2013-05-11 10:10:12"
200,"Herrod","EYY33DDY4KQ","2017-04-14 07:28:55"
201,"Ivana","PWR12MWO0SQ","2012-08-22 18:58:17"
203,"Noble","SCJ97YHB4XR","2013-01-19 13:50:26"
204,"Scarlet","ZDU96CAV3TY","2011-06-06 17:33:48"
206,"Ariel","RPV55RJG7YZ","2015-05-15 16:31:43"
207,"Allen","DFX23JOS6PI","2017-01-01 15:53:51"
209,"Elizabeth","CGG93WVD9PI","2013-10-14 10:08:04"
210,"Palmer","QCC53JTQ0CO","2016-08-02 22:18:15"
211,"Ivy","EIV68PGS1QU","2013-02-06 23:58:14"
212,"Fredericka","OFG82CYI4GY","2016-09-12 03:54:37"
214,"Hyacinth","HCY70OIK8EZ","2018-04-07 01:45:09"
215,"Zeus","ZHF55RLL4CO","2014-01-17 06:02:13"
217,"Curran","NAR77DSQ2IJ","2013-04-11 06:24:46"
218,"Scarlet","VRI66MPP9ZU","2018-05-08 03:37:07"
219,"Elliott","CWX75ARW6SM","2014-06-15 08:42:58"
220,"Irene","IUP56NMO6FU","2018-01-21 03:20:24"
221,"Craig","ENF98ZMG6DU","2012-08-24 09:39:28"
222,"Kitra","BJM70DDZ1UI","2018-06-22 07:36:42"
223,"Beverly","QQA16VIY7FW","2017-06-04 05:22:51"
224,"Raphael","OWJ48XLA4GJ","2011-04-21 12:57:03"
225,"Gannon","GKT14KTU7XP","2017-08-19 20:08:18"
226,"Dustin","GKT44AUM3TG","2011-06-03 19:35:45"
229,"Mason","BXR14IGT4TU","2012-04-02 06:17:04"
231,"Quentin","MPB26RFS3LB","2011-12-30 06:02:12"
234,"Akeem","BSX52DAB1KN","2011-07-28 21:44:05"
235,"Stewart","JOL80MEW0CI","2014-02-11 16:17:21"
236,"Emery","MQY28KBE5VA","2018-09-22 18:36:30"
238,"Edward","APO45KOD8ME","2017-09-21 17:13:07"
239,"Igor","TSW80BNF4QK","2017-03-18 01:04:57"
240,"Evan","WFI25SUT0FB","2017-01-02 18:03:02"
242,"Perry","NES57GOX2QA","2016-09-26 16:08:00"
243,"Cleo","CXH88KIK4ZD","2011-07-08 09:14:18"
244,"Elijah","PEV43RTT3HN","2017-06-01 04:55:52"
246,"Channing","FLT85QES8ZN","2013-05-23 08:46:45"
247,"Brett","DRV24HQA7FZ","2011-12-15 17:03:23"
248,"Alma","RMI96OFF7CV","2011-04-28 18:39:46"
249,"Pamela","HUN83PWY9SK","2014-04-28 08:52:08"
250,"Neil","CFP37QAQ8ND","2018-12-30 07:47:37"
251,"Wesley","KEJ18SLR8SZ","2014-01-19 06:16:08"
253,"Bernard","HDL88IHF2JZ","2017-04-21 06:19:29"
254,"Brock","SVT48ECN2RA","2011-04-16 22:47:29"
255,"Alvin","FPE67CEF1XI","2018-08-26 02:56:42"
256,"Cullen","YYX52OFN6HC","2014-09-27 13:30:36"
257,"Chaim","UXP66ZFR7FF","2017-09-22 19:41:52"
258,"Sigourney","TXJ86BGT1YY","2014-03-10 21:36:56"
259,"Darryl","FIH66SPJ5NI","2015-10-03 12:51:45"
260,"Hilda","JNO98TIG6NF","2015-12-16 20:52:54"
261,"Serina","KQG65VZT9HO","2016-08-30 11:48:23"
262,"Phillip","FDL37NWM9QX","2011-03-15 08:35:08"
263,"Brett","GZX11UFK6RU","2017-05-14 06:54:23"
264,"Nadine","LTZ49GRI3BA","2012-02-08 22:19:32"
265,"Kamal","VTY57TVU8QA","2015-05-30 13:25:50"
266,"Daphne","ITS18GUH4PR","2012-09-20 03:35:39"
267,"Macey","NEL31BUC5FD","2015-01-19 19:55:23"
268,"Nasim","MPQ94PHQ5UX","2017-08-26 05:53:19"
269,"Drake","CXE08ZHR6FR","2012-12-15 17:27:18"
270,"Wyatt","RHP03ERU2EO","2014-12-16 21:21:14"
272,"Wylie","KAZ40EMC5EK","2013-04-13 05:03:18"
273,"Peter","ACY94MLV2EY","2013-03-13 20:43:13"
274,"Maris","EFF84KQN6XL","2015-11-07 20:16:47"
275,"Lacota","WVG42WCH2YJ","2013-01-23 23:22:19"
276,"Nathan","RBT61RPS5LA","2015-11-01 02:54:22"
277,"Damon","XOB82GYN6VI","2015-06-26 14:56:48"
278,"Amaya","BZQ80OOS6FI","2017-06-09 10:11:34"
279,"Tatiana","HMN27DBO3HD","2014-09-13 21:44:24"
280,"Kiara","JGM75WJE1RV","2016-03-11 21:29:07"
281,"Silas","VJQ60KPK5HJ","2012-02-12 19:03:51"
282,"Yvonne","QUZ84DWA5JF","2012-11-25 05:04:09"
283,"Sean","FQA03YBQ8YH","2014-03-26 02:09:43"
284,"Amos","FTN31UCZ4MK","2017-09-02 14:02:45"
285,"Keely","LBB30DVC5TJ","2014-04-09 08:12:11"
288,"Oleg","WVE86XTD9CR","2013-11-05 08:34:15"
289,"Rama","ERB35DFN2LW","2015-01-14 05:34:49"
290,"Kenyon","MBR06HUX7SW","2018-04-10 23:31:23"
291,"Lisandra","SJP57WHU4GI","2013-01-13 07:11:31"
293,"Tarik","HDX03ULR0LN","2017-02-05 03:08:22"
294,"Sopoline","UEO58LYM6DQ","2017-10-04 15:13:53"
295,"Jasper","OLN54LYQ6MN","2018-03-22 23:19:21"
296,"Hamish","XDT89PHM5WT","2018-10-02 03:16:01"
297,"Naomi","PCF76HRG4AK","2012-11-12 15:10:35"
298,"Jermaine","BQQ48LZA9FG","2011-01-27 01:43:38"
299,"Ulysses","KNR35JZQ5UZ","2017-12-25 17:30:18"
300,"Wynter","IUB41USC4NO","2012-07-14 02:13:10"
301,"Cheyenne","AXU29CTX5WD","2018-12-16 11:45:56"
302,"Hall","RLC91VSC7VF","2016-09-22 03:52:01"
303,"Harding","KVE03BYN4GT","2016-11-30 18:08:55"
304,"Sydnee","WPE46KFN5AH","2014-10-18 22:12:44"
305,"Quon","RTQ88BQK7SU","2015-12-10 04:46:37"
308,"Buckminster","OVT46ZEM1YK","2012-02-21 09:53:15"
309,"Hillary","KPH48PYW9LC","2013-05-09 07:08:49"
311,"Zoe","QKF10KUZ1OU","2012-04-03 00:47:22"
313,"Kim","QXU18XGN5SW","2015-12-03 17:08:30"
314,"Rashad","DBZ15QDN9HN","2013-04-30 13:21:12"
316,"Alexandra","VII91YUJ2QT","2018-07-07 15:48:04"
317,"Tiger","MHC25RLV8VD","2015-12-29 14:16:33"
320,"Scarlett","LLU29AKM6BH","2017-11-25 05:19:18"
321,"Debra","EMJ04MJU2IF","2015-12-18 07:34:46"
322,"Halla","YSO71UOH8OU","2015-04-28 10:48:24"
323,"Porter","UUF34CZY3RY","2011-03-08 12:20:56"
324,"Murphy","CIC35LWW2HN","2018-10-01 01:51:28"
325,"Amery","JTT17TSC7FZ","2014-02-14 09:37:36"
326,"Catherine","QFV57LKE8KM","2016-03-31 22:01:34"
328,"Stephen","GCH49HOX1GO","2012-12-13 22:57:38"
329,"Uriel","BPW47WUH2AJ","2017-12-16 03:15:58"
330,"Brenden","OCO19CEA5LQ","2012-07-25 22:26:56"
331,"Jackson","SRN59WFF6VI","2017-07-06 09:54:20"
332,"Herman","LKF16NAI0YX","2017-05-22 21:44:13"
333,"Tanner","ACT73GRG4SN","2014-02-07 10:56:50"
334,"Nomlanga","VXA56TRB8SJ","2012-06-27 10:40:41"
335,"Leilani","DMK48XSM0KO","2014-09-05 11:13:22"
336,"Jonas","CXO46SRC6LG","2012-01-16 16:51:21"
338,"Kennan","EJR66CGI4AZ","2014-04-24 03:57:54"
339,"Sharon","BWE71ABT3EA","2017-01-18 04:19:54"
340,"Rashad","CMM73EPU6NV","2016-11-29 06:08:07"
341,"Garrett","SWT07ULT6SB","2013-08-29 04:21:46"
342,"Upton","ELX17DTN4XK","2018-11-11 03:09:53"
343,"Gay","KIE75MXB9RW","2016-04-03 04:50:30"
344,"Britanni","GMI08ARV4WA","2011-09-10 09:13:16"
345,"Emily","OUE38KZC1VJ","2014-10-22 04:02:02"
346,"Cassandra","WZR89XFG3YH","2016-07-03 10:40:32"
349,"Mara","XRM85LCW5OI","2016-08-23 08:40:17"
350,"Jemima","ILE34CEX5EO","2011-06-16 16:31:50"
351,"Ima","SYW30LJE1CA","2018-04-16 07:05:17"
352,"Colt","JNE64SIB2NQ","2018-02-25 23:30:44"
353,"Adam","BFQ21RIZ0TF","2014-10-11 03:02:02"
354,"Donna","SAK85ETS5JA","2012-11-05 13:15:45"
355,"Katell","VQD08DVJ5ED","2014-05-29 04:52:27"
357,"Hall","CIT23EEF7CH","2011-05-26 17:36:12"
358,"Aaron","QMZ00CAY0QB","2016-03-10 13:37:36"
359,"Tobias","SYJ77NJY5TH","2014-01-25 21:56:06"
361,"Reese","AZB94DZI5HU","2015-02-12 05:57:50"
362,"Myra","VJH22JXC9VQ","2011-09-26 07:45:48"
364,"Rina","WHL53JIO4GZ","2012-06-18 06:22:13"
365,"Phyllis","VLP61XKC3OV","2018-11-13 11:49:48"
367,"Linus","TWK19PHQ0BJ","2017-04-03 21:55:49"
368,"Hedley","JDX27DIK4NB","2012-12-30 18:59:38"
369,"Daphne","PNT99JZA8RJ","2012-07-24 11:04:35"
370,"Isaiah","VUS29GMO1VN","2011-04-11 11:40:51"
371,"Nolan","KCD14SOD7UL","2016-10-08 06:38:51"
372,"Clio","IPA65XRU5NP","2011-06-29 03:01:51"
373,"Xanthus","UMX05YKZ5EI","2017-08-16 06:42:28"
374,"India","JFY47YAY3JW","2013-02-06 22:43:33"
375,"Iris","VLQ40KBW3FR","2011-01-12 19:55:02"
376,"Hasad","JVN15GRG8FU","2017-02-09 08:04:35"
377,"Kay","PDD35GMG4PH","2018-04-18 19:01:02"
378,"Nathaniel","BUS07SQP1WL","2017-07-12 17:30:05"
379,"Gwendolyn","YFD26CDC6JL","2011-11-24 12:25:27"
380,"Ian","QRY22JJW6VH","2015-09-09 02:54:56"
381,"Aileen","BEL20FQU1YP","2017-10-13 11:06:02"
382,"Donovan","OFZ54PEC8JM","2014-07-09 03:54:52"
386,"Thane","LXG52DWU1NG","2017-10-26 06:34:22"
387,"Channing","SJQ92LMO8WL","2013-02-02 12:45:00"
388,"Brody","YMO30SJG5FF","2016-03-24 02:05:59"
389,"Risa","BXC24MYH8RF","2011-01-26 03:02:08"
390,"Aidan","TOC88WCD3SY","2015-10-17 16:11:39"
391,"Amal","DWO50FUQ2EA","2011-05-15 04:11:18"
393,"Hanae","WPV70TRS5NO","2017-11-21 15:11:16"
394,"Kelsie","FVB78FEK6WF","2012-10-07 11:55:54"
398,"Colorado","BLV24UTW7VH","2015-01-14 22:15:36"
399,"Ina","GQE81FWE2HO","2016-03-18 11:52:28"
400,"Rina","FRJ25BLF5HB","2013-12-30 12:12:30"
402,"Glenna","GBJ42TRM7EQ","2011-07-12 10:41:55"
403,"Madeson","OFM45TFD4JY","2017-03-03 14:46:14"
404,"Karen","ZLI35NHN1VG","2018-05-09 15:50:35"
406,"Wesley","QCC12ZNI3YK","2011-08-01 12:05:09"
407,"Samuel","GLI07CTE9FT","2012-02-10 20:30:50"
408,"Lewis","ORM90TSA2BD","2015-03-19 07:14:58"
412,"Ryder","ITI32NCW5JG","2011-09-18 23:04:14"
413,"Hoyt","PFS56FRL2JC","2016-09-22 19:37:20"
414,"Moana","JIU84PYI4CQ","2018-05-26 10:02:41"
415,"Driscoll","CBW30AFF0ZX","2017-03-31 22:54:12"
418,"Cassidy","TQD15ODX4ZP","2011-03-13 23:47:41"
420,"Hyacinth","ZGT70ERO4VG","2011-12-22 17:25:32"
421,"Iona","JVI03GJK7SC","2011-06-05 17:34:51"
422,"Clark","XNL21GEL0KK","2015-11-22 00:11:53"
423,"Keiko","OHB22RCZ3DA","2015-12-19 06:20:59"
425,"Dominic","BVZ76BRN9ON","2012-01-06 00:20:53"
427,"Olivia","BHF93MDV9QS","2011-11-16 19:05:25"
428,"Edan","LOD13OLK8OG","2011-01-11 08:20:48"
430,"Murphy","HWX71IMA9SA","2018-06-23 02:51:39"
432,"Chastity","HWS60WNH6OK","2012-03-11 13:01:42"
433,"Bertha","LQL86KOO9MO","2013-08-17 20:44:43"
434,"Laith","UMZ66STV6AU","2014-11-29 19:45:40"
435,"Odette","ANS19SYL1SV","2013-04-09 21:40:03"
436,"Clio","QDX29ZRW2SN","2013-03-18 15:41:08"
438,"Madonna","CQR14ZCI1HD","2014-10-25 12:25:30"
439,"Price","GER48SFH8UA","2012-01-03 01:18:11"
440,"Kitra","RWL97DOK9DV","2015-09-12 05:41:16"
444,"Isaac","EQN47WRJ3CG","2011-10-21 15:21:03"
445,"Lawrence","USG05OLG6CN","2013-01-02 02:48:20"
446,"Lisandra","AGJ71HKJ5UX","2015-10-08 14:58:31"
447,"Kato","YKH40GXJ8PA","2012-12-27 11:09:04"
448,"Allegra","EBX73XDS1UX","2012-03-13 14:35:19"
449,"Allegra","EGX58TZN7SL","2012-07-03 19:24:49"
450,"Clinton","HYX83BOV3ZP","2017-12-26 12:24:57"
452,"Leigh","XMR13GIR9JJ","2011-02-13 22:24:19"
453,"Ayanna","FOU29LKK9QK","2017-01-05 23:46:06"
454,"Jerome","XQE72NRE6MX","2015-06-10 00:25:02"
455,"Halee","WKT97WKE0IL","2011-11-28 17:19:26"
457,"Quintessa","LCE33FTC3CS","2016-03-28 18:25:24"
458,"Porter","UUO91CZK3YV","2015-05-05 09:51:06"
459,"Plato","UJB90NNZ5RO","2011-06-14 01:24:03"
460,"Kylie","DJU09AGL7ID","2015-09-26 04:51:46"
461,"Jin","ODS60DBF5KH","2017-08-18 12:28:34"
462,"Berk","XBE42HYY0WL","2012-04-02 16:50:20"
463,"Kristen","UVS67SYJ5YG","2011-10-29 04:48:11"
464,"Naida","YVT53JEC4JC","2017-08-31 09:52:08"
465,"Demetrius","RXN72HTZ8KB","2017-12-25 22:33:41"
467,"Kylan","BFW43IWC9ZA","2015-05-22 16:24:21"
468,"Kasper","SDS85QSO0EG","2016-01-12 22:10:12"
469,"Nita","NWI00GDE1QM","2015-02-12 22:44:01"
470,"Fredericka","PSN59NHJ7BP","2015-10-24 17:27:29"
471,"Anjolie","YYZ25XQD9DY","2014-08-07 15:07:23"
472,"Hoyt","HBR07CPW3OG","2012-01-11 19:22:08"
474,"Rhona","MUP98DWV8CT","2016-01-07 12:35:13"
475,"Fleur","EWB07DET8TZ","2012-12-05 17:56:58"
477,"Herrod","IXH00CTV4TN","2011-08-10 03:43:21"
481,"Hyacinth","UHT44VLZ2YF","2013-11-08 13:18:47"
482,"Omar","RZL43CSB2QT","2017-09-06 12:22:54"
483,"Sylvester","AJU47LIS8RC","2014-09-10 10:17:11"
484,"Pamela","NQJ49QRG3SO","2012-05-11 11:59:10"
485,"Cairo","JTS42AGO0OH","2012-02-07 17:11:34"
488,"Sybill","YTP94VYJ3VZ","2016-03-11 08:30:19"
491,"Ray","XLD68YRP5DA","2018-11-22 22:05:23"
492,"Thomas","FTA62HZQ3HA","2011-06-02 03:30:07"
493,"Desirae","AHS47SDQ2QR","2017-04-11 16:14:19"
495,"Driscoll","PVT51PDK5JS","2011-05-06 05:51:58"
496,"Howard","UQK76UOE5XZ","2014-06-12 05:41:50"
497,"May","CTD30RYF3BE","2015-12-23 08:26:47"
499,"Felix","YXB45LII3LE","2018-01-20 01:28:21"
500,"Rafael","SNQ61NRC5LZ","2012-03-30 18:58:02"
501,"Amelia","EMP78LLM0JA","2018-09-07 03:05:28"
503,"Evan","AIH82IHI9EK","2015-05-03 05:33:00"
504,"Barry","JBD78QXN8ZR","2011-06-08 11:43:48"
505,"Vera","FNA92STW9ZM","2011-05-05 22:13:23"
506,"Rebecca","LRO05MAG6SK","2014-08-11 04:48:02"
507,"Warren","DWS97KIL7NT","2016-11-17 21:31:08"
508,"Hashim","BPM73SYZ2BI","2014-07-20 03:04:25"
509,"Gage","GBC07EQH2HF","2015-03-29 21:57:33"
510,"Gray","TUB67LRW7GJ","2013-05-11 14:56:46"
511,"Pearl","ZLR98LPA2YO","2017-12-25 03:10:08"
513,"Xander","BBW59VWL0DZ","2017-08-23 15:41:31"
514,"Shelley","QHX61HRN2HJ","2016-12-17 16:30:05"
515,"Cailin","QKV15QTE6RU","2011-06-13 04:43:55"
516,"Jonah","RIX16QYH1LZ","2015-12-30 15:10:55"
517,"Jacqueline","UWS84FWW1UZ","2013-09-28 08:15:51"
518,"Marah","BJY02EWT3GW","2015-07-09 01:21:38"
519,"Elvis","JHV31AVP5RM","2013-04-24 20:41:35"
520,"Breanna","CUT63NJW4SQ","2015-05-22 03:47:12"
521,"Dalton","VGK63FSH7JC","2016-11-25 00:26:59"
522,"Ingrid","JXU44AUE6FN","2015-09-28 00:33:26"
523,"Fuller","IJW20EUT2DT","2015-11-12 08:13:35"
524,"Lacey","QIB44RKF0JJ","2018-04-28 12:33:08"
525,"Stacey","AWC70CFS4BR","2013-03-08 00:48:00"
526,"Quinlan","PNU89YUR3NR","2012-02-24 21:18:18"
527,"Judah","FOD33ZNE0QC","2011-04-22 18:53:28"
529,"Sean","NYX25XGA0CH","2011-05-22 01:06:02"
532,"Vera","AOS49ERM0VS","2012-11-16 17:36:04"
534,"Paki","OCM97SZX7YL","2012-01-27 02:17:55"
536,"Louis","TOY78WBH1EO","2015-03-08 05:37:23"
538,"Yolanda","MBV31VTO3YS","2013-02-06 19:46:00"
539,"Xandra","RBM29QTM8IN","2012-10-11 01:49:04"
540,"Emery","DXZ04EFU8JX","2014-12-29 18:16:52"
541,"Dalton","ECL21XJE4IB","2017-11-19 14:53:24"
542,"Maxine","KWK20SYQ7HB","2014-10-23 19:52:20"
543,"Sandra","FZG34POM6JX","2015-08-20 17:39:40"
544,"April","BTP15RSB1KY","2018-03-15 06:42:15"
545,"Raja","KPU03ENZ4RJ","2018-09-21 08:21:32"
546,"Jesse","GPG54IJE5IB","2014-05-22 11:16:49"
547,"India","FPN88TOH0TW","2017-09-24 19:43:20"
548,"Sopoline","YGL09LEZ6VW","2012-10-26 09:14:13"
549,"Alfonso","ZZD27DBA5PC","2014-10-14 06:20:44"
550,"Scarlett","VFC54UVN0EX","2015-01-18 20:30:47"
551,"Whitney","CCQ35VDP9FK","2018-11-07 04:49:48"
552,"Dalton","YNB84ZMH4FB","2016-05-19 17:54:50"
553,"Portia","XAM63WNL9ZR","2011-02-15 07:27:11"
554,"Deacon","HCJ29ZWN3ZE","2014-09-18 22:14:29"
555,"Kaitlin","PZB85FOU5PK","2015-08-09 03:19:41"
556,"Illana","XUO28DYI9DN","2014-05-10 20:06:08"
557,"Unity","RVM91DCM1OB","2011-08-20 15:53:05"
558,"Timothy","NED00FUJ8KP","2012-04-03 20:39:19"
559,"Samson","PDM02EGA4HA","2018-12-21 05:01:44"
560,"Kameko","HNR89MJZ7WO","2018-08-02 20:43:31"
561,"Libby","THS54GHB8AM","2011-03-27 17:25:09"
562,"Kuame","JYJ54VCO8HK","2012-11-04 01:46:03"
563,"Russell","JAN99MIO6PY","2012-07-02 10:40:57"
564,"Jerry","ZMO70XEC2PA","2016-08-22 16:30:12"
565,"Katell","QPI33DJS5XM","2017-08-05 17:30:18"
566,"Rae","LHH37RTE3XH","2017-10-10 00:01:49"
567,"Phelan","KBT06WLY3VL","2018-08-19 14:10:38"
568,"Wyatt","ILG06PNL4ZQ","2018-09-28 07:13:33"
569,"Zorita","ZNW90XWZ9XK","2016-01-12 23:07:14"
570,"Iris","VML77FOO9SC","2016-05-04 20:04:37"
571,"Tashya","AYL60TRZ5XQ","2016-04-26 23:24:12"
572,"Madison","ISB02UGO0HT","2013-05-04 01:44:14"
573,"Jacob","JZH80HPT8GS","2015-10-18 10:18:20"
575,"Wilma","TNN23RBO9PX","2018-08-24 14:46:17"
576,"Josephine","XLO02PAE4CG","2013-08-22 23:20:25"
577,"Sheila","LYF10HEB0VF","2017-11-12 13:38:17"
580,"Daryl","VZG98EOY6HL","2017-01-11 03:15:20"
581,"Xenos","STD56JSJ2GB","2011-11-05 20:45:57"
583,"Xerxes","UMW23TIA9SH","2015-06-04 23:12:17"
584,"Nita","BRV92KUD6DJ","2016-08-21 16:16:00"
585,"Kelly","LUR81ORQ7BP","2016-01-04 02:24:35"
586,"Irene","ZYM25DIU3NL","2013-06-20 20:56:38"
587,"Georgia","RLN39NYZ1HT","2012-09-27 20:00:07"
589,"Ira","PKR31BKK2YR","2017-02-13 20:22:53"
592,"Dane","VRK09VCD7MH","2016-12-21 16:04:48"
593,"Tara","DNZ58YPL6LW","2015-12-19 21:37:39"
594,"Chandler","RGU99SUQ2AY","2017-12-23 17:07:04"
595,"Macaulay","ZRT66URQ7KW","2017-02-15 03:29:50"
597,"Vincent","ZAV26GLW0RS","2014-08-29 13:23:52"
598,"Melanie","VFM64YAL9YM","2016-04-16 15:40:58"
599,"Vera","YGW39PTE4MU","2018-05-04 23:37:29"
600,"Connor","YHR09UIU6MW","2018-05-20 20:48:54"
602,"Adrian","BOT02PLM9YQ","2016-10-19 10:23:53"
605,"Elizabeth","EUX61BMC3XG","2018-09-14 11:04:50"
606,"Hedley","IAP48OTD5TF","2012-12-11 16:29:35"
607,"Madaline","LQB66NXM0NP","2018-09-14 07:53:10"
609,"Maia","ZZY79KUR7KR","2015-01-29 18:57:11"
610,"Solomon","QBV87ACN0RM","2017-05-20 18:03:06"
611,"Wyoming","OYW21NXM7HT","2014-09-25 02:36:47"
612,"Silas","ZWN07BHI8TW","2018-01-13 02:55:25"
614,"Gillian","WLU94DSW1NS","2013-06-05 19:06:45"
616,"Zephania","VHA55NAR6GY","2011-05-24 04:51:59"
617,"Christian","FEX36TQD4NH","2018-06-16 12:15:32"
618,"Rachel","PMH42PIE1SK","2018-06-15 04:41:56"
619,"Eve","KST96HCX5EX","2018-11-05 08:41:56"
620,"Quentin","RED72JKO0TC","2012-02-26 06:08:23"
622,"Kirby","VUG59SKV5FJ","2016-08-28 07:48:44"
623,"Olga","PEZ87MKB2RL","2011-11-13 20:01:32"
624,"Denton","SKM67YCG0DY","2011-07-20 12:51:20"
626,"Mariam","LMZ46BUK7EF","2018-07-25 13:56:49"
627,"Nelle","JMY29CXT0KL","2011-07-20 04:39:17"
628,"Signe","TAQ51TCE5SZ","2018-02-25 03:07:26"
629,"Allistair","MJE44NUM8OC","2012-08-28 18:21:21"
630,"Boris","PZL54OXF2ZM","2013-04-04 08:47:02"
632,"Yasir","FPS20GJN0GW","2017-06-07 08:34:14"
633,"Eagan","CCP01ECE6TJ","2014-07-25 08:58:06"
634,"Chase","BAG97IDS3UI","2011-06-13 02:56:46"
635,"Kristen","GQF53JYL1PI","2013-07-10 14:04:10"
636,"Reuben","ZAV82NIQ6IY","2013-06-06 12:43:57"
637,"Basil","LQE60PKL2EC","2018-06-01 00:13:06"
638,"Elton","MDX00PMO1RT","2011-07-09 13:48:41"
642,"Joy","UOW84EUX9VR","2016-02-10 22:28:53"
644,"Anika","ZWE70GGV9RJ","2016-09-20 13:44:57"
645,"Angelica","QLJ46NUJ4BK","2015-03-13 06:48:28"
646,"Tanek","QBQ49SOX7YT","2017-07-09 19:28:29"
648,"Marah","YVC44SID9KF","2018-07-06 11:47:11"
651,"Tanner","OBH45JJO0VW","2012-12-02 18:32:22"
652,"Tad","PEM80UOS7BF","2015-11-17 11:06:26"
654,"Myles","OYW38RWJ5IP","2018-10-30 07:11:53"
655,"Dorian","EXL30EKR8YB","2016-03-18 22:55:52"
656,"Keaton","PHB72SVS4PT","2013-01-15 10:23:10"
657,"Brenden","GJS38YJJ0XV","2012-04-24 14:16:06"
658,"Griffith","GSV29XKK1LX","2013-12-02 00:26:31"
659,"Denton","DCT94VND2YQ","2011-10-17 14:04:46"
660,"Jared","SEZ03TRH3IR","2015-03-24 15:49:10"
661,"Hyacinth","CSE93YFE7BB","2012-01-21 23:39:24"
662,"David","BUF01QPS1TV","2017-05-27 17:16:02"
663,"Emerald","SUH89GUZ0TC","2012-10-28 14:01:15"
664,"Libby","PWR92WOT0GP","2014-12-24 03:46:42"
665,"Suki","VCG65KTP4AB","2013-05-29 12:37:00"
666,"Xantha","MXO35VGS1DN","2017-12-26 22:24:56"
667,"Iola","RJM02RZC6GD","2013-07-16 04:55:51"
670,"Lesley","XAD19DIV2BT","2014-12-03 15:49:59"
671,"Audrey","JXH88EDG3JR","2016-02-06 09:54:53"
672,"Thomas","GGP46MAJ4SU","2015-01-10 23:44:41"
673,"Stone","EHN66ACX3UM","2017-12-19 17:41:51"
674,"Oliver","MHT56AFY1LJ","2018-10-31 07:59:31"
675,"Slade","ZJK75SRV0CD","2012-10-06 03:37:57"
676,"Oprah","DZA37WKH5MM","2012-12-25 19:18:38"
677,"Basil","HQF64KLL7AL","2013-05-28 21:42:52"
678,"Grant","EZD02PHY9CP","2011-04-05 03:57:59"
679,"Uma","XYP32QJY5HE","2015-11-06 16:59:45"
681,"Luke","REI71SEA3XS","2011-06-18 01:56:05"
682,"Tatum","XUC35FCD3DI","2011-06-03 18:23:56"
683,"Camden","UJM13NSW9UC","2014-06-26 00:53:50"
684,"Samantha","TTB68QKP0UK","2018-01-23 01:26:25"
685,"Justine","VSA30JFN7VT","2015-09-27 07:24:41"
686,"Ivan","QAP39DEM7JG","2018-03-09 18:47:21"
687,"Sarah","OSD27WWK5WR","2017-07-30 11:05:20"
688,"Lila","GVI46EEJ2EV","2011-07-06 03:57:20"
690,"Nelle","EKO54MCK4XK","2015-02-21 22:07:12"
691,"Ima","ZRY08ESF6BI","2016-11-14 10:33:27"
692,"Dominic","SOX93UAX6HM","2015-07-26 16:04:03"
693,"Colt","NDC10HFA5ZR","2017-01-01 01:48:09"
694,"Wesley","BHC35XSL0FB","2018-02-17 17:43:00"
695,"Tanner","TFF82FPY7XH","2013-06-06 00:14:44"
696,"Holly","PXD05CFQ7UV","2011-04-30 19:34:14"
697,"Nathaniel","GDV87QRF1XF","2015-12-16 20:55:21"
698,"Minerva","VNN71QWZ0GI","2014-09-19 17:25:36"
699,"Haviva","MVR44SXJ7FZ","2017-12-11 07:05:10"
700,"Tate","INT65ONA4CZ","2018-01-07 19:32:34"
702,"Lamar","TYR48PVU7UG","2017-12-21 07:53:28"
703,"Willow","YRC31XUY2VI","2013-09-16 06:56:33"
704,"Whoopi","MUP41VTX6BN","2017-06-27 14:51:30"
705,"Stacey","DCC51JBG5FS","2016-09-07 18:02:39"
706,"Fatima","QRR68MEP3IJ","2017-12-16 04:45:41"
707,"Jacqueline","ULG90BHV4XN","2018-11-25 02:05:03"
708,"Mohammad","WRN96VKJ4VZ","2018-06-18 21:57:11"
709,"Sydnee","SGT99YEA8JH","2016-04-22 12:48:56"
711,"Oprah","PHQ16BBA3OY","2011-02-08 17:27:37"
712,"Gail","GSG95ZNS4SK","2017-03-01 07:31:42"
713,"Jamal","SVE59NJQ5DC","2016-04-11 17:54:51"
714,"Timothy","JCH82MYI1HI","2013-09-21 17:07:25"
715,"Alan","HOX93NSH3UR","2014-11-12 15:15:54"
716,"Ethan","OMO95VJE0QD","2017-06-22 04:24:39"
717,"Allen","GEE53NCM7ON","2011-01-08 00:33:27"
718,"Freya","LVG28EYY9YC","2013-05-24 10:27:09"
719,"Micah","HIL52DHV9YQ","2013-12-11 06:34:23"
720,"Connor","AAY82DFE8JC","2016-10-04 18:32:22"
721,"Hedwig","WTT49UTS8KV","2013-10-27 04:54:38"
722,"Dane","SZT07QXE1VU","2018-01-06 21:21:30"
724,"Quail","DUE80IVY1FR","2017-12-03 03:56:07"
725,"Tana","XES39QYN0MG","2014-01-09 09:03:20"
726,"Patrick","RTP02IDK5EA","2015-12-29 21:32:34"
727,"Galena","OMF52GCA7EC","2016-08-18 18:22:49"
728,"Berk","QHE18BHK1MY","2015-10-17 07:30:58"
730,"Robin","JMW37IGK6NC","2017-05-19 02:51:24"
731,"Elizabeth","WII12QCL9HR","2014-01-02 20:21:21"
735,"Gregory","SCI76SED5LW","2016-09-16 19:50:48"
737,"Kylan","BBQ30IGT1IU","2013-10-05 05:55:49"
738,"Kevin","AQN13RYW5QK","2015-08-16 13:00:57"
739,"Amy","CEA27IMF2UR","2013-04-15 05:27:33"
740,"Aidan","OJT27WPL0GD","2018-10-08 02:53:18"
742,"Dominique","CDP91JGM9HU","2015-07-13 01:41:46"
743,"Bianca","CDC21KMX3FM","2015-12-23 15:51:09"
744,"Noelle","NNW71TGE7RH","2011-11-08 06:22:01"
745,"Armando","CFO05JVD5LS","2018-07-01 21:34:58"
746,"Elvis","CTV78PGO4BD","2013-11-26 13:28:44"
747,"Lev","COX03OQM3BP","2012-08-02 22:17:07"
748,"Victoria","PVD75VSK7MF","2017-01-31 08:20:28"
750,"Tashya","EML55LDE5EM","2012-03-03 08:46:08"
751,"Brady","ZIS12YVK0GK","2018-11-11 22:02:29"
752,"Reece","FZO59JIN2RO","2011-12-31 14:07:37"
753,"Michael","CGA65EJS6ED","2011-04-14 20:27:10"
754,"Orson","BKS81BCC7CZ","2016-11-03 11:55:03"
755,"Abraham","JPC16PQN5VT","2016-06-22 23:47:31"
756,"Gemma","WQO13OQH7VM","2011-04-13 12:11:25"
757,"Abra","THN40FHH1CN","2015-11-04 15:03:45"
758,"Jerry","AHH37WWC9BG","2011-10-07 18:03:21"
761,"Kiara","ACZ67ZPB2VE","2012-11-07 00:22:25"
762,"Laura","SHA96DAP4NI","2018-02-18 05:21:16"
763,"Allen","LCZ96AHW9BX","2016-02-14 06:45:53"
765,"Ivor","DUL25FDH0QE","2018-09-14 20:34:38"
766,"Merritt","LBY41VHX8KU","2018-10-26 12:25:44"
767,"Drew","GWE23ADJ6JU","2013-02-07 08:09:26"
768,"Tanek","ILA45VVP9GV","2014-11-29 07:09:58"
769,"Vanna","RWU27LYI1LW","2014-08-16 02:21:04"
770,"Ignatius","SCV49LVV1CM","2013-04-14 08:15:08"
771,"Chancellor","GNY41BBL8VU","2011-06-01 15:05:46"
772,"Luke","OPK55BKG8VP","2015-07-06 12:10:19"
773,"Josiah","DIU60COD3OM","2016-03-27 22:35:44"
774,"Dustin","XEQ69ICF5OP","2014-06-22 20:12:21"
775,"Hakeem","OKZ90YLT1UF","2014-07-09 13:22:55"
776,"Macon","IDU37EQX3QP","2018-07-30 00:52:14"
777,"Alma","QAI97BRV3AW","2013-02-28 08:08:37"
778,"Nash","EXS53DQW5KJ","2016-11-03 10:56:30"
779,"Ezra","YBA96YAR4GJ","2014-10-28 01:48:11"
780,"Amy","UXC51EAR3DW","2014-06-20 06:14:37"
781,"Kermit","ZTB23GAI3LZ","2014-12-11 01:43:22"
782,"Nero","FXK12WJZ3RR","2016-04-14 12:06:26"
783,"Jenette","LHY30UNS9SI","2013-08-14 18:36:07"
784,"Chastity","OPR59ANE8YC","2014-01-19 21:03:37"
785,"Reagan","YGE16TAT6OZ","2011-01-19 00:20:16"
786,"Thaddeus","AYS11MBC2DQ","2017-01-19 19:33:20"
787,"Hasad","WVQ50LUC3ST","2014-11-08 12:24:25"
788,"Fatima","HUO29DXX5XN","2014-11-11 14:37:46"
789,"Magee","LIZ29AXM2BZ","2014-08-03 06:49:58"
790,"Beau","XLF41LIS5UT","2016-01-05 06:11:06"
792,"Otto","EHR75EPX5FM","2013-05-08 19:41:06"
794,"Wendy","CTZ21XXG0DG","2011-08-14 03:57:13"
795,"Cairo","LJZ47MLQ1XK","2018-06-21 06:57:14"
796,"Carter","VLT69NKB5CI","2013-06-15 02:03:19"
797,"Gil","GNO14FEE6NL","2011-07-23 01:45:31"
798,"Madaline","KWB90MFC3RR","2017-08-07 03:28:47"
799,"Rooney","QFG64VPE0HY","2012-04-07 18:24:06"
801,"Dale","WSN63NVR2YL","2013-06-28 09:17:59"
802,"Aileen","WFY93MFP9LP","2013-02-01 05:08:57"
804,"Erica","LQM10GMQ0VG","2016-12-12 05:43:36"
805,"Samson","JGL73TJH4GT","2013-08-28 10:31:06"
807,"Hayes","NRI52FIR2OE","2012-10-10 11:24:01"
810,"Barclay","MJT98KCG9NN","2016-02-14 18:52:27"
812,"Chloe","YWZ19FQJ3HT","2015-09-16 05:55:56"
813,"Riley","OGU95UJF3TH","2013-06-29 14:33:44"
814,"Madeline","RSW60VCK6ZL","2015-09-19 04:48:46"
816,"Cain","SLN81GPP6LA","2012-04-02 13:18:42"
817,"Yvonne","WYO73CNT1TK","2011-09-12 00:22:25"
820,"Burke","SNQ82MVZ1PQ","2018-07-23 16:39:52"
821,"Kennedy","UAD77ZKM5NZ","2017-03-10 01:52:14"
823,"Nehru","ZJH51ZVR2BA","2017-02-06 04:42:08"
824,"Jocelyn","YQX97PZP2NI","2018-09-25 21:33:20"
825,"Xanthus","HWW93GJO1HM","2013-01-27 10:37:13"
827,"Quail","ZJM92KSO7JS","2011-10-07 00:03:42"
828,"Quamar","TAI59YAA0XK","2012-09-07 19:33:49"
829,"Kuame","GDV72BOY7LH","2017-02-22 06:46:18"
830,"Dakota","XQX53BUN2DJ","2015-02-25 06:56:07"
831,"Philip","TSK91YNH0RU","2013-03-08 01:44:37"
834,"Kane","CAE76ZXA6BQ","2018-09-21 01:49:39"
835,"Malachi","SJM65YQJ1KR","2013-11-07 18:14:28"
836,"Yetta","RGE10AAE9WP","2013-09-29 13:20:53"
837,"Briar","AXV04IKL3SR","2018-02-05 09:34:09"
838,"Basil","GVU97INF4ZN","2011-04-13 06:06:51"
839,"Kristen","MGS46MWW8JT","2018-02-01 00:42:25"
842,"Zena","RFF69VZU4YS","2017-03-14 21:26:37"
844,"Aline","VCC76YYI4JK","2014-10-26 23:30:02"
845,"Benjamin","GDX85PYT4BC","2011-01-23 22:44:50"
847,"Ella","NLM54SSQ0JC","2011-10-20 13:33:56"
848,"Penelope","HET44DVI7PH","2017-10-11 14:57:02"
849,"Xenos","NZG21ERW6YI","2012-08-04 12:36:35"
850,"Merritt","KQP76HIM0TC","2011-07-19 16:43:59"
852,"Herrod","WQT04XLS6WI","2013-06-03 09:50:53"
854,"Florence","HVX47YQK1TV","2018-12-26 04:25:25"
855,"Quamar","VCO83AHP8RH","2016-04-26 14:02:48"
856,"Aubrey","PVA63BRF6RI","2017-05-17 10:18:35"
857,"Carter","CER75ZOS5RF","2014-07-05 11:32:53"
859,"Joseph","MAT93FXE8RW","2016-04-30 01:10:15"
860,"Sonia","SWF81FNS7RC","2014-03-03 05:10:16"
861,"Tyler","RCL72VHD3ZU","2011-04-23 12:34:22"
862,"Keely","QFF04BSQ4VT","2015-01-28 09:24:49"
864,"Jelani","XAA00XSH0JK","2016-07-31 01:15:10"
865,"Jerry","MUF12UAR4KE","2018-10-13 05:04:37"
866,"Erin","XAR04PNG0DZ","2011-05-28 06:20:23"
869,"Sybil","IBN35RHW5CP","2017-08-31 04:59:30"
870,"Idona","BEY64JPY2HZ","2015-01-09 01:16:39"
872,"Isadora","EBL60UXM7GK","2011-05-18 04:14:07"
873,"Yoshio","DCJ27JDS4XV","2014-06-13 23:36:57"
874,"Jarrod","JYZ18XSN0PF","2015-10-18 21:57:19"
875,"Skyler","HXX18WCS5GN","2013-04-09 01:31:58"
876,"Justin","NUQ28HVV0QN","2018-07-25 07:42:19"
878,"Brett","YDG92QAH8ZH","2011-08-10 14:05:36"
881,"Nigel","BFE02TSR6YX","2015-08-07 06:49:33"
883,"Kiara","GSQ70ZVA4CN","2016-05-24 09:41:45"
885,"Colt","CNZ04DUT2LJ","2018-11-24 13:42:25"
886,"Deanna","FSR36ERW4HO","2011-11-23 23:47:23"
887,"Veda","MLM86IUG5EV","2017-11-08 09:01:12"
890,"Nora","ZGO91HIY9TU","2012-09-13 19:39:03"
892,"Graiden","YXL65GAV9RM","2014-11-15 02:38:40"
893,"Alvin","HFJ58SSA9UV","2011-02-04 11:40:40"
894,"Hector","UJH28KLW5EA","2015-04-17 06:31:57"
895,"Florence","KNW20YGN8QP","2015-01-04 15:07:38"
896,"Pamela","ZMM88ODA7KQ","2011-02-06 11:14:43"
897,"Avye","XAJ64WNG4MF","2016-02-24 02:29:29"
898,"Cassandra","WFB82OCX4RJ","2011-04-14 08:00:29"
899,"Sacha","DDX95GVO2LL","2013-12-28 11:25:18"
900,"Wesley","CLY77OLM5CO","2011-02-10 16:48:00"
901,"Chaney","RMX64HFD9YP","2014-01-16 17:02:15"
902,"Brett","YNM76BSR0NE","2012-01-25 02:35:07"
903,"Ila","FYQ87VCY3XD","2012-12-08 05:41:51"
904,"Hanna","OQJ05VTD8LM","2014-09-29 15:32:52"
906,"Brynne","HYV69ESB5ZT","2011-10-14 23:54:31"
909,"Genevieve","KHT56VNW0ZU","2011-06-09 15:59:39"
910,"Marah","XGC47PFB8VU","2017-05-20 18:11:43"
911,"Piper","WCV16ALR2VT","2012-02-05 19:19:15"
912,"Whitney","TDA96OBO3JG","2018-10-24 05:07:39"
913,"Tarik","TLI24IAP7WU","2016-02-07 03:33:02"
914,"Calista","VNU60JYI6RU","2013-03-05 03:24:51"
915,"Xyla","CYQ42MRX3EP","2015-01-12 14:49:58"
916,"Asher","LXX05UXL3LK","2017-04-30 07:39:49"
918,"Ray","IZC00PJR9KY","2018-03-27 12:46:32"
919,"Nissim","TDU22KIC8QE","2016-06-10 15:26:28"
920,"Larissa","SVU59PWP5WV","2012-04-18 00:39:36"
921,"Isaiah","DNL86NRU4IE","2012-01-09 09:56:12"
922,"Reece","GUP50HYB4DW","2017-04-04 04:01:49"
923,"Abel","KKE87KEP6CG","2015-11-18 23:25:37"
924,"Whilemina","EBR79GHV6XK","2017-07-19 04:58:31"
925,"Kay","TPH67EGR5JS","2014-08-26 13:01:51"
926,"Nathan","MKD99FJB5LE","2015-03-10 06:17:00"
927,"Bradley","XIH16HUM0SH","2014-08-06 12:11:07"
928,"Zephr","NCV29HAQ9NS","2018-06-02 05:52:38"
930,"Shelby","ENY69MPW8QT","2016-11-06 15:50:08"
931,"Chiquita","UED34WAA2LO","2016-01-28 17:46:40"
932,"Clark","XWS64LTN0IP","2018-04-01 22:12:41"
933,"Olympia","HVL66EDF1AY","2014-07-09 16:24:23"
934,"Hamish","XTS27FJB2EQ","2012-11-30 14:19:28"
936,"Lacy","CJA41QAL4SU","2013-06-05 17:55:42"
938,"Stella","VKP85MES0PD","2014-02-27 13:48:23"
939,"Dorothy","VJQ12UFQ4KZ","2018-06-14 23:20:36"
940,"Allistair","JNC72KVX8IU","2013-10-17 06:41:04"
941,"Ferris","REO69HZX4TA","2016-03-23 21:39:53"
942,"Gisela","HFF06BSV4DZ","2012-02-14 09:58:20"
943,"Patrick","MAE87YKK3BL","2016-01-19 09:26:12"
944,"Flavia","LUX85NJH1SC","2011-11-03 03:44:23"
945,"Thaddeus","GJF64ACO2JR","2015-12-02 09:57:23"
946,"Hillary","YUD23FOZ7KV","2013-05-16 07:26:07"
948,"Sage","TKH52XEQ5MB","2018-05-28 10:18:15"
949,"Clio","MCC65HFA1US","2016-05-16 22:02:07"
950,"Fuller","TAH02QFV6UQ","2015-02-08 13:17:32"
951,"Kiona","YUH22HCS0XB","2016-07-19 01:07:56"
953,"Doris","KXB97LCU2IH","2017-07-05 19:33:06"
955,"Knox","GKB90FLO6XI","2015-04-07 16:21:08"
958,"Nicholas","KAE23DLB0SF","2016-06-06 02:34:29"
960,"Jamal","JVC13VUW3YZ","2016-11-04 13:22:55"
961,"Aurora","KTS23OFN0LZ","2017-09-08 20:39:42"
962,"Acton","GQU91JRS5JZ","2011-05-09 03:11:56"
963,"Guinevere","CUQ04CHI8MQ","2014-09-12 12:41:18"
964,"Dakota","YHQ04KOX1SQ","2016-06-16 22:04:53"
965,"Amal","NWB46QQO9MW","2013-05-26 14:34:53"
966,"Nita","BMM03KCF9QQ","2012-11-01 00:28:54"
968,"Dane","BTX91QOT8FC","2012-03-08 19:33:41"
969,"Carlos","GRW51XZG5UT","2016-11-09 01:44:58"
970,"Abra","TKP20BZB4JP","2011-12-12 18:54:09"
971,"Lesley","PZJ30EEL3IV","2016-02-05 08:02:03"
972,"Zenia","KUC25VMV3FW","2018-07-23 18:40:02"
973,"Leandra","CVZ43AAC7SS","2013-06-26 22:20:16"
975,"Russell","OCE30CGG4ZD","2015-02-09 23:15:35"
976,"Bruce","TJJ11PEA2BH","2015-10-07 02:28:49"
979,"Sophia","QNB58PYW8BV","2017-05-03 08:58:49"
980,"Hilary","ZDB27LDI5GF","2017-10-22 20:54:30"
981,"Hamish","OMC28AVQ9WZ","2011-02-09 21:13:46"
982,"Fuller","NOJ10RPH5NE","2015-08-27 05:48:59"
983,"Andrew","UWF73WIU0VJ","2014-12-27 13:45:03"
984,"Dennis","TER49OKO7GD","2012-03-31 09:42:46"
985,"Elmo","CBQ51GJP1GS","2011-05-31 09:19:09"
986,"Freya","LPJ55WIT6PZ","2017-05-24 04:19:17"
987,"Kerry","QHX38IXX1OW","2015-04-30 17:31:37"
989,"Macon","FDS27JSS9HE","2014-03-13 03:53:04"
990,"Jakeem","ZOA92WNB5IY","2017-12-26 06:03:21"
991,"Shelby","WUL85LJH5IK","2014-01-18 12:56:07"
992,"Devin","CPP24COA7SN","2018-04-01 10:34:35"
993,"Omar","HMS92PCQ4PZ","2016-05-23 10:58:35"
994,"Halee","UOU80MGM9NQ","2017-09-07 16:01:42"
995,"Martena","SPQ01ARA5KR","2011-05-09 10:58:13"
996,"Lester","LOH22PLM2ZE","2015-02-14 18:58:08"
999,"Lyle","ISO84PVI9HC","2018-08-26 18:23:05"
1000,"Madeson","CPM96WYC5DS","2012-05-19 20:07:38"
1001,"Eden","WEC38QAQ1JQ","2015-08-01 23:17:05"
1002,"Deanna","ZNY78MKR9NI","2017-12-06 02:06:49"
1003,"Amal","YVL71GLE4DJ","2011-10-04 13:31:32"
1004,"Tanek","SZJ39JMC5BJ","2012-03-25 06:57:11"
1005,"Levi","IOW70KRV9JF","2018-08-19 06:07:46"
1006,"Emery","MRJ45VYF0VT","2012-06-18 03:28:44"
1007,"Holmes","ZNG49UMV7MO","2015-01-02 11:56:57"
1008,"Raymond","PFD43AND9AZ","2012-07-15 11:15:27"
1009,"Odette","VIE12SZY2GQ","2012-09-21 06:33:22"
1010,"Brooke","XGZ40JKB9FP","2013-03-10 20:49:32"
1011,"Buckminster","AJX80MOW5EB","2015-05-09 20:33:01"
1012,"Blossom","YCB78JQV0HS","2011-06-21 08:59:37"
1013,"Rhiannon","QSO50XDD2MA","2014-11-29 00:58:18"
1014,"Fuller","IGN47LBQ2OM","2016-03-12 20:40:46"
1015,"Ross","HXI53JPP2RF","2011-08-13 15:39:32"
1017,"Mia","QLR70XFT7AW","2017-11-21 08:41:30"
1018,"Rashad","MBK95CXW2FU","2018-09-10 07:03:00"
1019,"Mercedes","ERS38ACY8VT","2017-06-26 03:00:37"
1020,"Beck","INW86LTF5LV","2018-10-29 12:01:43"
1021,"Zachery","ZBD21CMK0KC","2014-10-14 01:40:23"
1022,"Lane","QSD16ABQ8GV","2012-03-26 23:09:30"
1023,"Ferris","PSC92HAX4UE","2011-03-16 16:25:06"
1025,"Gray","HPU11OQH5MM","2012-11-15 07:27:41"
1026,"Hamish","RVA63PRO6QJ","2017-12-02 01:38:35"
1027,"Macaulay","HPZ33PSO8VQ","2012-12-20 05:40:31"
1031,"Zena","NQG14ZRC2QO","2011-08-08 13:09:05"
1032,"Dale","SAK63YYA2SA","2015-02-05 02:52:19"
1033,"Rachel","ZMY50QLZ0SL","2014-01-30 11:33:29"
1035,"Craig","PLA09HYX3WU","2017-01-26 09:51:20"
1036,"Callie","ZRS36YDC3HK","2017-01-05 09:10:17"
1037,"Kirestin","OMG49ZRF8EE","2012-12-04 09:36:10"
1038,"Ezra","AVU56WID9CS","2011-10-18 22:22:03"
1039,"Adara","VCP09VJB4AZ","2014-06-23 02:29:57"
1040,"Chadwick","JMK20KUE3VF","2016-10-16 20:25:27"
1041,"Ashton","FNZ01ENK5AO","2012-03-28 14:05:02"
1043,"Talon","NJR96XCP0IC","2018-09-08 13:12:52"
1044,"Daniel","RCE11MBW6LS","2013-08-20 10:50:47"
1045,"Larissa","XJS46YUP4SE","2015-09-02 07:35:16"
1046,"Velma","FVY08IYM5UA","2013-03-09 01:49:36"
1047,"Samantha","RXX70HOJ5DG","2018-04-29 05:33:28"
1048,"Nathan","QQI87RPF5CN","2014-11-24 07:23:11"
1049,"Lamar","GPQ90OGO0ES","2014-04-23 01:15:53"
1050,"Amela","ETH76DVD7BG","2014-11-20 22:35:48"
1051,"Grant","UEY80JEZ6WY","2018-02-18 02:09:35"
1052,"Quinlan","PFO63OCN6ZF","2014-08-23 09:03:21"
1054,"Cruz","TYA91FYZ3UD","2015-01-10 11:02:08"
1057,"Carol","EJU33LYP6PP","2014-05-02 20:14:51"
1058,"Haley","AWC46LOR0VU","2011-11-09 17:53:27"
1060,"Tanek","NWT77TLC9WH","2017-01-07 02:15:19"
1061,"Yoko","EZP67SRP7SB","2018-10-12 15:18:35"
1062,"Cassady","NNG07HAX0SK","2015-09-03 22:07:53"
1063,"Lila","KLU06NBJ5MD","2018-09-20 21:49:12"
1064,"Libby","RWP39VIQ9LF","2018-02-02 20:41:30"
1065,"Georgia","YSH67UXC7SC","2016-01-15 12:33:40"
1066,"Jelani","BAE42TOL5BG","2011-05-03 14:44:50"
1067,"Noelani","RVG18AMO2BR","2014-04-21 02:30:01"
1069,"Sylvester","YTU04BUM7KD","2014-06-28 02:26:15"
1070,"Drew","BMV48ZWV1KK","2018-03-24 16:55:42"
1071,"Debra","SKN93UZT8TB","2011-01-05 03:18:29"
1072,"Bertha","FNK79OBJ1VP","2016-04-26 09:16:45"
1073,"Nissim","MIP03RNK8GN","2016-12-13 16:59:01"
1074,"Rafael","CCD37IDW6YN","2018-04-08 08:21:33"
1075,"Emmanuel","RTF68XYK0WY","2013-05-31 09:02:45"
1076,"Madonna","WKA75BUE0HD","2016-09-25 19:47:10"
1077,"Octavius","ZJC82LOW0GX","2018-08-16 09:06:58"
1078,"Evelyn","YTS92BQR9OT","2014-10-13 15:04:33"
1079,"Justine","CIM72LOQ5TK","2017-09-17 16:16:32"
1081,"Thane","GDP70XQU7RX","2016-03-22 20:20:20"
1082,"Deborah","RQU03IWU9ET","2017-11-08 19:12:45"
1083,"Melvin","KGD94ISX9WE","2012-08-14 16:16:39"
1086,"Sara","QNN53DXY4FH","2016-08-28 22:17:26"
1088,"Darius","AKT73YFQ5RX","2017-11-14 21:18:41"
1091,"Ezekiel","FOT44GKO9JW","2017-10-04 00:32:43"
1092,"Yasir","CHY73VYE9WN","2015-07-07 02:17:08"
1093,"Dacey","XME29MGZ7JC","2015-01-31 04:53:05"
1094,"David","QMQ35UIB2ZU","2014-08-15 13:03:26"
1095,"Jarrod","NSH16LMY7EP","2017-05-29 02:49:46"
1096,"Dana","IFQ30QNR4MH","2017-12-02 19:28:47"
1097,"Cynthia","SXG71KWT3KI","2018-10-13 18:08:12"
1098,"Malachi","TVF85SWI2GP","2012-04-14 06:30:48"
1099,"Cassidy","PIX49SEG7YD","2018-08-24 11:13:55"
1101,"William","THB89RBP2TA","2013-03-30 19:31:56"
1102,"Oliver","RQF38RYD2PL","2011-10-30 15:04:38"
1103,"Jana","UWQ77XPY6SA","2016-10-31 22:21:58"
1107,"Alexander","RTM94SHU2QT","2015-09-04 22:22:50"
1108,"Carol","RWA15URO8SU","2016-11-20 12:18:34"
1109,"Shannon","BBZ01VMX3ER","2011-08-19 05:14:29"
1110,"Alfonso","AQO72VYN7SJ","2011-08-21 05:01:24"
1111,"Naomi","XCB15SBA3SA","2011-12-25 05:50:04"
1112,"Clementine","FWT82ALT8KX","2013-08-15 18:27:07"
1113,"Travis","MDH09OBD9TS","2017-08-10 19:43:47"
1114,"Forrest","JHC32AUN4MA","2016-05-10 03:30:03"
1115,"Herman","XQB62MHN0YF","2011-04-27 21:05:24"
1116,"Castor","RIC16SDC2ND","2013-11-21 15:53:43"
1118,"Nathan","SWJ41AOO3UU","2014-04-20 22:45:04"
1119,"Maya","WHK93WLH5CQ","2011-12-07 12:56:20"
1121,"Magee","TMW66QIT8FQ","2018-12-13 12:26:23"
1122,"Ezra","NJD33KCI2HK","2011-10-14 13:33:28"
1123,"Brynne","ZEK01ECD3XA","2017-07-02 20:52:25"
1124,"Shaeleigh","RST11ZYF2KD","2011-09-18 03:51:05"
1125,"Bevis","CEQ22WHZ6SN","2015-09-14 07:34:18"
1126,"Florence","OIB97XUQ5HD","2014-07-31 11:34:10"
1128,"Illana","UEF32EEM0NJ","2017-01-12 19:50:43"
1129,"Stone","QRQ87HGO3NO","2016-02-26 11:05:11"
1130,"Tyler","IST51NPL2RA","2016-05-23 07:38:33"
1131,"Richard","TYH13EOK6MV","2014-06-17 03:13:40"
1132,"Edan","LHF29GVY1TI","2012-10-06 15:45:04"
1135,"Ima","UJV14PRA0EO","2013-03-16 23:23:42"
1136,"Kylynn","MQK23NAF0IN","2018-01-09 13:38:12"
1137,"Lilah","LEO25VOJ8BU","2017-03-23 16:06:41"
1138,"Dakota","FOI94YYU0QT","2013-07-24 00:07:07"
1139,"Gregory","KZF50UHQ9KG","2017-11-19 08:02:44"
1140,"Denise","IVI83FFG3JE","2014-03-29 02:24:35"
1143,"Quemby","QIH88XGH1SU","2016-10-06 04:12:51"
1144,"Belle","MER21CAW9RR","2012-11-30 22:58:37"
1146,"Herman","IVZ62OHD3NN","2017-07-04 08:19:18"
1147,"Ezra","GSK08YKK2MY","2011-10-22 03:13:13"
1148,"Audra","CUA71JJN9NJ","2011-02-05 01:00:03"
1149,"Kimberley","DMK69LXP8FL","2013-11-03 21:44:52"
1150,"Maggy","PTL35GZY7RI","2012-12-27 01:30:05"
1151,"Daniel","BCH67LUG3DV","2015-03-20 20:07:58"
1152,"Wang","MEH60OHN2KE","2017-10-03 17:29:02"
1154,"Forrest","XGN01ULD2HM","2015-09-12 12:37:11"
1155,"Zelda","PNA61JBP9KL","2015-04-02 01:21:13"
1156,"Marshall","SON04UHQ1XJ","2017-05-03 23:01:33"
1158,"Althea","QNV20PPP9RQ","2016-03-01 21:31:59"
1159,"Aladdin","VHP83CQG4UU","2017-02-11 21:43:22"
1160,"Madeson","PUQ97NIY8FN","2015-01-20 20:43:58"
1161,"Acton","VRD13CMQ8SF","2015-04-13 16:36:36"
1162,"Cody","JWT91YFZ1XA","2012-10-13 09:30:12"
1163,"Castor","AHI99JCN5QF","2016-12-31 14:45:14"
1164,"Imelda","TBB14NUU3LQ","2018-11-12 14:13:17"
1167,"Hakeem","JHP29PNL5ZN","2014-10-07 06:49:49"
1168,"Edward","HFJ35YRI6HL","2018-06-10 03:07:55"
1169,"Kaden","EUT47ESW5SR","2016-07-13 16:26:36"
1171,"Fatima","EIR61WXC2PJ","2011-03-01 15:44:20"
1172,"Jermaine","YUC98QUK1VG","2015-03-21 02:59:47"
1173,"Chelsea","JIB34BXS9BD","2017-04-22 13:39:01"
1174,"Chaim","SVH08VNG0VX","2017-06-09 03:01:23"
1175,"Abdul","BXX89BNY0YN","2011-07-18 06:40:09"
1176,"Sybill","GQL77IYY1LD","2016-01-16 17:17:35"
1177,"Yuri","GVC80DDY8MJ","2014-08-02 23:36:07"
1180,"Hedda","WBJ11TYJ0SH","2015-11-20 20:57:17"
1181,"Yoko","UFD53BZU8GM","2016-01-10 22:32:22"
1182,"Xenos","EVW53YEE5YB","2017-06-20 21:29:06"
1183,"Mira","QXL07HVX5VY","2018-03-15 09:36:02"
1184,"Alvin","KJY99ILQ1GJ","2018-06-25 10:00:45"
1185,"Miriam","UIM25NBJ3TL","2011-01-30 15:41:14"
1186,"Caryn","SKQ45PZA6MK","2015-07-07 19:58:05"
1187,"Kylan","STS15HYN6FJ","2016-04-11 12:32:54"
1188,"Charles","VMC38HEK7SZ","2018-02-16 07:49:46"
1189,"Wyatt","ZJB04IFT6LN","2016-09-25 08:12:03"
1190,"Odette","NEG23MQW1PJ","2016-07-15 17:12:23"
1192,"Hermione","XNQ22SWG4JB","2016-02-07 07:05:10"
1193,"Boris","ORB62EAB8QZ","2016-02-04 23:00:57"
1194,"Noel","ARC70SVU6EZ","2015-05-01 02:28:25"
1195,"Azalia","FDT26NBB6UI","2018-04-24 17:16:05"
1196,"Noelani","HBZ83CFV8EB","2014-05-09 08:12:07"
1197,"Wang","FFV27YED1KU","2014-07-13 06:45:11"
1198,"Susan","PFA04AFN8AQ","2012-05-16 17:35:53"
1199,"Lysandra","KTO68GLA2XK","2018-04-28 03:36:56"
1200,"Elmo","LDX48YZJ2MQ","2015-08-23 17:52:14"
1201,"Ora","RMM73RKJ9DN","2018-02-10 00:02:18"
1202,"Gareth","BRR29RHA0TT","2013-03-08 20:06:56"
1203,"Hayfa","BRQ09IXV4PC","2017-09-05 16:42:21"
1204,"Uma","BZG71PFB7PS","2015-10-22 02:45:14"
1205,"Julian","FKA00YMP2XH","2015-09-23 21:33:31"
1206,"Hyacinth","YOH00FTV4JD","2015-05-03 09:07:56"
1207,"Lesley","HKB83TWY3AS","2018-04-13 23:15:21"
1208,"Kevyn","QUT60KQF2BQ","2018-02-20 14:34:53"
1210,"Trevor","ZXE93QFF3QE","2011-07-11 11:12:24"
1211,"Cherokee","OZN80RIR2BH","2018-07-23 18:57:38"
1213,"Deanna","OKV42XJL0LT","2011-11-06 08:12:40"
1214,"Malik","QRE36EKQ8NV","2013-08-03 07:19:18"
1215,"Kieran","RVH99KJX2ZH","2014-06-22 09:18:46"
1216,"Daphne","HHD75AIE7CS","2013-07-15 14:28:49"
1217,"Haley","BBY45USF0TZ","2012-04-30 09:00:50"
1218,"Orlando","FZD35XFV8WF","2013-08-29 08:37:52"
1220,"Ainsley","UCY50EDA8CI","2014-08-16 12:34:37"
1221,"Lacota","MPF98WIV8SJ","2011-11-27 13:30:30"
1222,"William","UMN18ESB9OC","2017-09-27 02:00:21"
1223,"Edan","RLN01UMY8AZ","2015-08-02 11:28:42"
1224,"Eugenia","WAO39QTG6PJ","2011-09-08 05:06:21"
1225,"Rhonda","GOP35CZK0TV","2012-07-05 09:50:55"
1227,"Fitzgerald","RBU72HCO4UD","2017-01-10 14:39:57"
1229,"Howard","IGK12PNC7KM","2011-02-22 20:39:43"
1230,"Igor","HRJ73QZR6NV","2011-01-10 22:44:58"
1231,"Kathleen","QFF79CMU4AK","2013-12-10 05:25:40"
1233,"Tashya","AZB77TPO2KU","2015-08-26 18:50:09"
1234,"Vanna","ZGC44BLT1QL","2015-09-08 06:26:53"
1235,"Tamara","XMC97KRV0AT","2017-12-07 02:16:28"
1236,"Sebastian","HHT44CGI5SL","2015-09-20 01:11:34"
1238,"Kylynn","XZC38NJC3RN","2014-09-09 00:44:36"
1240,"Dacey","VNJ10WFW2HO","2014-08-14 01:19:08"
1241,"Garrett","KHU95WWJ6KJ","2013-08-24 18:11:14"
1243,"Barbara","ENJ49JVL3HG","2015-03-22 01:57:02"
1244,"Mikayla","DEN60ZQZ2OH","2014-11-27 05:48:28"
1245,"Elvis","YDU16CZA8KM","2018-04-25 08:37:37"
1246,"Nissim","WBT56QHV7ZP","2018-11-01 21:46:07"
1247,"Althea","FFD76AUJ6HH","2016-02-09 01:23:56"
1248,"Sylvester","SUP23IGW8AR","2013-08-17 10:40:54"
1249,"Caldwell","SXU94UOD9VW","2018-03-27 07:39:09"
1250,"Imelda","UVM16ZIY0MA","2011-06-14 18:43:13"
1251,"Lee","VCU51OND2MM","2013-03-22 17:48:31"
1253,"Tobias","OIO83WKX1MM","2014-01-07 04:37:28"
1254,"Shana","KJC92YMR7DQ","2011-12-31 05:58:02"
1255,"Daryl","WFG02YBR1WT","2011-10-10 09:29:11"
1256,"Germaine","YUT53LZL6ZU","2011-06-19 11:48:54"
1257,"Britanni","ZNP06BTK0KU","2014-03-31 14:39:12"
1258,"Maite","ROX62ZUY1CT","2015-08-24 07:59:24"
1259,"Naomi","UYJ45LKS0AF","2015-07-17 11:19:15"
1260,"Nomlanga","TYB08GKA7PC","2017-06-04 07:02:36"
1261,"Idona","ESZ06TNW9LQ","2017-02-09 14:06:27"
1262,"Oscar","WZK55EEG7NI","2018-08-08 03:48:11"
1263,"Colorado","LNX56SJO5DV","2011-11-25 18:20:34"
1264,"Holly","KUA95PYV9VJ","2015-08-09 19:55:32"
1266,"William","REV39AFS0WW","2017-10-04 09:23:58"
1267,"Karen","DBI42VAB3KW","2016-11-03 11:55:47"
1268,"Gloria","QFP82CPA0CC","2018-07-18 01:43:11"
1269,"Hilary","HSV11ZCM2AD","2018-05-11 06:48:09"
1270,"Karyn","EKM78EQN6QO","2012-06-16 10:33:13"
1271,"Rahim","VYG78CYH0FO","2015-12-15 04:44:29"
1272,"Chastity","EZI01OME5DQ","2017-07-23 22:30:51"
1273,"Dale","BRK07OUR0OQ","2015-08-19 03:56:31"
1274,"Germaine","ZAQ73APA6PN","2014-12-15 19:16:03"
1277,"Desirae","MZJ35HJH2JP","2017-12-07 19:07:01"
1278,"Devin","GEO82OFJ8XK","2018-11-17 00:15:45"
1279,"Kasper","UZC52BNX9YH","2016-05-27 01:12:34"
1281,"Evangeline","TWI21GHB2DO","2018-08-18 04:43:49"
1282,"Jorden","HOW71ZBB1CZ","2011-08-10 21:38:12"
1283,"Hakeem","AYO11LGT1RC","2017-07-24 15:34:41"
1284,"Abraham","KZW99LAZ3GZ","2012-07-27 14:39:52"
1285,"Bruce","ILQ93EYB4HQ","2013-07-07 17:35:13"
1286,"Ocean","RBF62CJK8OF","2016-08-30 15:32:30"
1287,"Vivien","PEN64FKI6AR","2013-08-14 04:17:22"
1288,"Emerald","MFB52XFY1JL","2012-06-10 09:08:23"
1289,"Cheyenne","NJH37OHL0WO","2013-09-14 12:24:14"
1290,"Hasad","TAO84VXE9UL","2017-08-25 12:16:09"
1291,"Phyllis","NSM46LOY5GI","2011-01-28 15:29:10"
1292,"Yoshi","IKT44DIF8CV","2014-12-27 22:31:58"
1293,"Colby","QQW75MTZ7XS","2012-05-04 12:51:34"
1295,"Lara","FMD66RYP2DX","2014-01-01 17:32:35"
1297,"Kareem","MYD92KOV2WA","2016-07-26 06:51:24"
1298,"Yasir","LHV99PTU1HD","2016-11-04 03:10:14"
1300,"Gloria","SQI27AZE0QO","2015-06-14 21:44:07"
1301,"Lani","SGS68TPB1NA","2015-01-07 14:26:29"
1302,"David","WCT58SAF1QN","2011-05-14 08:52:14"
1303,"Brenna","ALK97RGI1GO","2017-06-24 23:40:15"
1304,"Ali","LIB69YZG4PE","2016-12-15 14:50:27"
1307,"Kay","KJR27HDO0DM","2016-05-26 12:23:18"
1308,"Lysandra","PXQ29MHL5XG","2016-06-23 13:40:54"
1309,"Hashim","JZD75VPF3VE","2011-03-15 07:21:47"
1310,"Wynter","VXP21MGY7VV","2015-03-30 06:18:53"
1311,"Hector","UFD55MGL4OA","2017-09-05 02:39:35"
1312,"Suki","IGN70CGE3EM","2015-04-02 16:01:21"
1314,"Carol","VRU34AMA0MP","2013-04-03 16:38:17"
1315,"Jaime","GQK06LBM3EW","2016-02-05 16:17:16"
1317,"Paul","DYF64KRR3IF","2016-09-17 13:05:59"
1318,"Cole","YND46ZMQ7HL","2017-01-16 19:30:11"
1319,"Noel","SHL62GQX8HU","2012-04-30 16:34:39"
1320,"Byron","WRE48SRW5FS","2018-04-03 09:05:03"
1323,"Wade","CSC12RNX8MW","2012-07-11 18:33:02"
1324,"Rafael","RRZ45PBU1DX","2012-05-27 03:00:38"
1327,"Alana","TKV95MNZ3YQ","2012-03-18 00:14:45"
1328,"Venus","OQP72ZDC7PJ","2018-04-12 01:18:00"
1329,"Melodie","RRI35ACU4RW","2016-05-14 20:55:14"
1330,"Kelsey","MMI51TVD6BY","2018-04-12 19:59:17"
1331,"Selma","SDX17OWI2OC","2013-01-22 08:46:32"
1332,"Curran","DZL89PFX1UB","2017-06-07 19:38:59"
1334,"Sierra","PCR52MZS2XL","2014-12-22 23:06:20"
1335,"Colton","TQO14BBC1DH","2016-12-14 21:45:02"
1336,"Macey","PBY66MXH9OH","2015-12-07 09:53:06"
1337,"Duncan","QCM19IVN4XO","2011-12-13 18:40:58"
1338,"Thane","KML45HIS1JP","2011-08-09 22:17:08"
1339,"Aretha","LDP98ESV7YB","2017-01-18 10:26:29"
1341,"Ulla","VUX34IIM2LL","2014-11-20 19:43:31"
1343,"Zephania","NXN20WOO7TX","2016-11-19 06:23:32"
1344,"Barry","KYL04SJV4GY","2016-04-26 17:18:42"
1345,"Luke","WHM04DML3ZW","2013-02-19 07:21:36"
1346,"Kamal","FRX68RCJ5AE","2016-01-06 00:10:21"
1347,"Odette","QIP30DXR5VC","2016-09-27 13:11:44"
1348,"Hyacinth","XBY08BBO7XG","2014-08-07 21:50:43"
1349,"Benedict","YVA86FKI3YT","2011-08-11 00:33:32"
1350,"Laith","PXX65GWV4FD","2014-03-11 04:38:36"
1351,"Louis","VGZ90XWF8EH","2018-01-09 22:21:00"
1352,"Miranda","HEW58KLJ1DP","2011-01-21 21:30:44"
1353,"Nyssa","BBL67ZQF8KT","2018-06-16 10:17:03"
1355,"Ria","WMJ05LAM8FZ","2017-11-18 18:04:09"
1356,"Mallory","VCQ73XVL0NC","2016-08-31 03:34:13"
1357,"Buckminster","GJV91WOC9LG","2013-04-07 09:49:07"
1359,"Kane","TTX22CDS9CI","2016-12-10 05:40:14"
1361,"Jael","MDD32XJL4VN","2016-12-02 03:56:26"
1362,"Nicole","UWX27WZO3KA","2015-07-14 01:47:12"
1364,"Ross","AYD01YLO4EI","2016-09-13 12:20:37"
1365,"Lareina","ESW26RNH4TG","2016-05-20 15:29:47"
1366,"Echo","EMB19DVM4RN","2014-04-06 16:50:23"
1367,"Buckminster","MVC56XUX0EI","2012-04-21 23:51:54"
1368,"Herman","BSS49OYY2XM","2013-08-22 09:07:43"
1369,"Berk","FKZ91XFK7EB","2013-10-10 22:44:26"
1370,"Ulla","OQH32WQD4CY","2013-10-11 13:49:44"
1371,"Dieter","EJB83YTH3JO","2014-12-06 02:52:10"
1372,"Gregory","DKS36NXD8YV","2016-03-03 08:52:19"
1373,"Lydia","ZFA86HDH9BU","2014-11-29 04:47:47"
1374,"Haley","GIV78UTU7LI","2014-10-25 02:17:49"
1375,"Savannah","QVD88EDI1DQ","2015-07-20 10:20:29"
1377,"Paloma","KUO58WIA6HM","2018-11-07 09:31:43"
1378,"Driscoll","FME43NEV4IP","2017-08-13 22:25:14"
1380,"Emery","RCC40QKQ4YL","2014-11-08 21:35:10"
1381,"Keaton","WFM54VZB6WO","2018-05-16 23:20:27"
1382,"Quentin","DUO74DVG5IU","2013-06-24 02:22:52"
1383,"Lila","JPM56HEY6DV","2015-02-27 00:42:22"
1384,"Imani","TLF66DDA7SR","2015-07-09 02:07:40"
1385,"Logan","GZC98OWA8TA","2014-04-08 08:50:01"
1386,"Josiah","MWQ20KHU2VF","2018-01-29 08:32:29"
1387,"Yoshio","NUA53TMF2SU","2014-05-16 06:41:03"
1388,"Jesse","RHK43HEI4TI","2016-10-25 19:38:54"
1389,"Jack","FRF53DSH4LJ","2018-01-25 05:55:05"
1390,"Carl","CCX05PGC2PQ","2013-03-11 16:08:45"
1391,"Gabriel","SNX98NCV7AT","2012-04-01 19:33:06"
1392,"Noble","WMN83HEQ0WX","2013-06-15 12:08:10"
1393,"Ivory","NHS75PSR3NQ","2012-02-06 13:09:06"
1394,"Tatiana","OEV54GID7SQ","2017-09-25 17:54:37"
1395,"Dale","BEK22AKF5JU","2012-04-24 01:08:56"
1397,"Sophia","PHR03DUQ3YQ","2018-04-12 02:03:29"
1398,"Geoffrey","IVU57NUY6UU","2011-07-28 11:25:11"
1399,"Hammett","ITJ50GSH5WE","2012-01-21 11:21:59"
1400,"Gretchen","TVG86HAD0BZ","2011-03-06 12:06:47"
1401,"Jesse","LPS15EGN0PY","2018-10-03 01:28:03"
1403,"Felix","TGS12HJW8MB","2018-10-31 20:11:29"
1404,"Aidan","QPX05SBU2NL","2011-10-08 04:17:55"
1405,"Vincent","HMS26RIZ1UO","2013-10-09 21:46:55"
1406,"Briar","DAI42CKP3BC","2012-05-14 13:57:00"
1407,"Barbara","ZBM81DZE6DH","2016-08-12 05:57:55"
1408,"Xenos","BDO62SMB7SD","2013-09-18 11:09:19"
1409,"Ezra","DTM81JUK8ZB","2015-08-17 06:45:28"
1410,"Kennan","KPT16EQT8EI","2015-10-20 14:25:55"
1411,"Cheyenne","GQA73MXY0QU","2016-04-26 04:13:06"
1412,"Lillian","MBC30WYZ5VH","2014-06-26 13:58:37"
1413,"Baxter","BOF22NUE3ZS","2014-05-20 07:53:19"
1414,"Amber","FVB86UUF8DK","2011-04-27 09:44:19"
1415,"Yasir","QQC50EKP1RE","2012-01-16 08:26:46"
1416,"Urielle","BOT62ZNC9BS","2012-03-15 11:46:31"
1418,"Amery","QWD59HHU0UW","2014-06-26 06:54:14"
1419,"Olivia","DRO69YDD6NP","2013-05-28 05:07:23"
1420,"Velma","PFF33PXV9FX","2017-07-25 05:22:34"
1421,"Delilah","ZNM74XQE5OW","2014-12-24 20:08:46"
1422,"Candice","CFV89GOT0NU","2013-09-29 10:06:33"
1423,"Fritz","NPM49BOL2II","2015-09-30 07:16:40"
1424,"Salvador","CQG80MHW7PQ","2017-08-16 13:57:13"
1425,"Kimberly","OJE27YKD3LB","2018-12-13 20:55:11"
1426,"Hadassah","BLY67HKL3VM","2012-05-21 19:17:21"
1427,"Burton","MYI99NWM3NC","2016-04-25 14:22:52"
1428,"Michelle","FSH84DUD3UP","2015-07-01 14:06:03"
1430,"Victor","MJT42HJM1RG","2018-03-06 21:43:05"
1431,"Melanie","JMB95CPL7PF","2012-09-06 19:04:33"
1433,"Violet","SVD18HWY8LY","2012-01-10 13:31:12"
1434,"Ruth","VIO66QLP4YA","2016-08-12 08:36:41"
1435,"Emerson","KRU26QTF5KT","2015-02-24 06:44:55"
1436,"Orla","QKZ88NXM5DU","2017-07-02 00:43:09"
1437,"Uta","XYK97EOA5QF","2013-01-06 07:57:49"
1439,"Patience","OON90GAA0TW","2016-10-10 20:55:33"
1440,"Micah","FUM57BWW6RX","2011-11-01 03:57:03"
1441,"Regan","OTV05MXV4MG","2014-06-13 14:12:04"
1444,"Charissa","TJV51WZM9NJ","2014-12-02 21:37:54"
1445,"Fleur","MCJ85MQB6OC","2016-07-06 23:15:04"
1446,"Nadine","DPF71KVI3MS","2018-02-25 03:11:16"
1447,"Angela","ZAW19AND4DM","2015-04-09 11:24:26"
1449,"Raven","JIG86AXS2PJ","2014-03-15 08:24:24"
1450,"Hop","QCQ68RGJ8HM","2013-01-14 21:16:33"
1451,"Arthur","SOX79EEN2XG","2011-04-18 17:17:59"
1452,"Steel","RCP17VWH0KW","2014-03-27 14:51:20"
1453,"Hilary","JCS32PHO8RL","2011-02-11 21:41:38"
1454,"Angelica","ZXY55UTG9GT","2014-04-08 21:39:26"
1455,"Kennan","UPA70VRI4XN","2011-09-02 04:11:23"
1456,"Nehru","RVU27IVT8LO","2013-03-27 11:35:37"
1457,"Autumn","KKH30PRA7GH","2018-03-29 15:50:22"
1458,"Kimberly","LTZ75WFG2GL","2018-02-24 01:01:01"
1460,"Flynn","FQZ16WKB4MM","2015-03-21 18:21:52"
1461,"Dahlia","OFV10WRM3QE","2014-08-09 17:13:30"
1462,"Jennifer","YGE34LRX4GY","2013-01-25 10:36:02"
1463,"Suki","CCX24EUK3YP","2016-02-05 05:36:11"
1464,"Lacey","ZIB80RAB7DP","2015-06-07 18:52:57"
1465,"Brett","TQU01PCB2PF","2017-05-26 04:15:08"
1466,"Blair","CYI27ZUB3YG","2011-08-14 10:27:00"
1467,"Vaughan","GNO77XRF5DJ","2011-08-09 18:49:37"
1468,"Stacy","FAF53QAT6WU","2017-11-21 22:21:36"
1469,"Pandora","EGA94ISY8TP","2011-09-22 18:01:14"
1470,"Idola","RVV53YMY7QW","2018-12-03 18:14:42"
1471,"Shaine","PYR34GGY2JG","2016-02-02 04:01:19"
1472,"Winifred","LBS38ZOB5RJ","2013-10-14 03:25:05"
1473,"Cairo","WYS58VWQ1BQ","2014-04-15 13:08:27"
1474,"Hiram","YBW22SQC7CV","2016-10-02 14:42:10"
1476,"Plato","JEJ78NFY0AJ","2016-09-24 11:08:08"
1477,"Adrian","GBZ39XBC7QA","2011-05-29 11:41:07"
1479,"Jared","OVR08HGD7GR","2014-02-17 21:26:57"
1480,"Knox","NCI01ZSA8UN","2012-12-01 08:54:18"
1481,"Justin","QRF07FSW4CZ","2015-07-04 08:30:08"
1482,"Derek","HGU69DZB8ZW","2018-01-12 09:03:55"
1483,"Kiona","WQC54KVK4GY","2017-12-02 18:36:31"
1484,"Ivana","EIH32LKU4SI","2015-02-22 17:04:47"
1485,"Sheila","LQZ37WNW6FC","2015-12-20 16:44:08"
1486,"Ross","PNY82OFG8EC","2013-05-12 15:15:00"
1487,"Fritz","IDV36QTA0GH","2011-02-27 23:49:34"
1489,"Marsden","BYS73UCI1ZU","2014-05-16 00:20:25"
1490,"Kirsten","KAZ39PDW7EZ","2013-11-14 05:39:22"
1491,"Nathan","RAY57IUP5TK","2012-07-24 13:10:11"
1492,"Shaeleigh","ZJM70REO0BW","2018-03-19 06:49:53"
1493,"Rina","GWH63UDA2UD","2013-04-09 05:15:38"
1494,"Reed","GHU47IKB6TB","2018-07-29 09:36:46"
1495,"Haviva","XZR77UDP6KL","2012-12-26 13:23:36"
1496,"Unity","TNG83FEZ2AT","2018-09-10 20:13:17"
1497,"Amelia","NMS32UQC4HH","2014-12-27 23:23:33"
1498,"Donovan","APG52ZPQ5GI","2018-01-05 13:13:57"
1499,"Halee","JEH36SEW9ED","2012-12-23 05:18:33"
1500,"Anne","NQS70HZY7UZ","2013-04-23 08:29:55"
1501,"Erin","FNF90ZUS0ZP","2018-02-02 12:54:34"
1502,"Wing","EKA61HPQ1CZ","2018-01-19 04:57:56"
1503,"Ingrid","HKQ05PFY1PQ","2017-08-22 00:09:21"
1504,"Jana","TQU54NZE3LX","2014-08-20 01:35:15"
1505,"Odette","NLC00IPO3YS","2017-01-07 05:14:08"
1506,"Felicia","TQX78JGE1ZG","2015-03-08 08:04:48"
1508,"Aurelia","DIO90HIW0GF","2016-03-12 00:54:30"
1510,"Len","EGE59FEC4YW","2012-09-30 08:19:02"
1511,"Noble","BKA67KHC0GE","2018-07-29 22:12:37"
1512,"Garrett","GGN02EAA2EO","2017-12-03 07:08:47"
1513,"Andrew","SBW86HUL5UK","2015-07-12 17:00:41"
1514,"Wynter","GYM89YBZ8NI","2015-02-26 06:22:59"
1518,"Basia","MHG04JLO8MR","2013-12-01 16:24:42"
1519,"Iliana","GYJ59VGI2EG","2014-08-04 10:57:00"
1520,"Autumn","ALA03SHN7JP","2011-11-17 18:37:45"
1521,"Yvonne","RLK09YVM8CL","2014-12-08 08:53:26"
1522,"Norman","MNJ57UVI7TQ","2013-02-22 18:00:53"
1523,"Carter","RSU48IXV1YP","2015-06-04 01:29:46"
1525,"Velma","CJS70OPR5LE","2011-04-11 00:34:20"
1526,"Davis","EVF67ZKI0WY","2013-03-25 11:17:49"
1527,"Seth","HGY90UJK3TM","2018-09-19 06:51:38"
1528,"Maite","PPT31GXR2UJ","2016-11-27 20:06:44"
1529,"Lisandra","EYU00GZD0LF","2015-08-06 14:37:08"
1530,"Jerome","IDB47MYS9VP","2016-10-18 03:47:49"
1531,"Ronan","VBW74MEX0GH","2014-06-16 07:24:08"
1532,"Yeo","SZW04DYC6EO","2011-07-21 03:37:48"
1533,"Zephr","KOI45CJJ1YZ","2015-01-24 12:00:13"
1536,"Allegra","CVK58FVI7PP","2011-02-06 03:53:26"
1537,"Dexter","XLI55CNG6MV","2014-02-04 11:03:39"
1538,"Pamela","PZD38VJS6MJ","2017-05-22 20:21:04"
1541,"Shea","DPS17FMY4UC","2018-09-12 10:51:25"
1542,"Delilah","BPH39GUF9QE","2011-09-24 12:57:36"
1543,"Bryar","URW74HPU1LP","2016-08-18 11:53:26"
1544,"Jolene","DIO47SKG2JD","2014-02-19 08:36:19"
1545,"Hannah","WRU04NJD4JU","2011-06-10 11:57:20"
1546,"Griffith","ZQY16MJM9BX","2015-02-02 02:49:41"
1549,"Rooney","LDO67EUM7WS","2015-08-01 21:47:31"
1551,"Michael","SEP97HSY9CB","2018-06-27 02:49:39"
1552,"Blake","TUA01JTO9LQ","2014-02-10 23:52:08"
1553,"Heidi","MFY04GGA8JX","2018-10-19 21:01:40"
1554,"Alfreda","ETX83QLT6CN","2014-01-03 15:46:16"
1555,"Nelle","VEJ88MJL2KE","2015-07-27 22:48:55"
1556,"Maggy","VSE45QQG4HK","2018-02-19 10:24:54"
1559,"Mufutau","AWA58ANC0ZY","2016-12-21 13:22:15"
1560,"Hillary","GWM59KDD5LG","2016-07-25 07:09:46"
1562,"Clinton","EPS25RJI4VB","2017-12-07 18:28:18"
1563,"Malik","NQB46CPY1HX","2013-11-01 05:26:13"
1564,"Suki","JMR57GRU7CN","2016-10-18 08:19:50"
1566,"Kibo","DEO60XDL5EG","2016-08-13 13:09:45"
1568,"Charde","PVO29VLW5TZ","2018-11-09 09:45:58"
1569,"Ayanna","AEO51DLI2CB","2011-02-20 07:38:49"
1570,"Colette","ACN08WED4OC","2016-05-11 05:49:23"
1571,"Cassady","PCL89LJY1ME","2017-02-11 04:40:21"
1572,"Joshua","SZZ52CFS1XW","2011-05-29 17:40:06"
1573,"Ingrid","VJX39APV3RA","2013-07-26 20:39:50"
1574,"Inga","NZT36VBG8BU","2012-08-10 02:24:22"
1575,"Kelly","MMT01PWV9EP","2012-06-20 03:20:06"
1576,"George","IQJ72SFX0YZ","2018-05-15 11:04:11"
1578,"Jelani","VTV64YBQ9ZL","2015-09-29 04:06:26"
1580,"Micah","OWN94AOO1AZ","2016-03-25 17:07:35"
1581,"Alec","JEV80BSJ5DI","2015-12-25 12:06:46"
1582,"Liberty","HFG61HBR3KF","2018-06-20 11:20:03"
1584,"Camille","PCV57SPB6VI","2012-01-09 04:50:25"
1586,"Quinn","QRV82QAQ9FQ","2014-03-13 02:32:38"
1587,"Herrod","DQT01GTG5UT","2012-01-26 10:28:24"
1588,"Brynne","RNR70XPU1ON","2012-05-01 00:09:16"
1589,"Jonas","YAF75TWN1NV","2012-09-14 18:36:04"
1590,"Phillip","IBD30GYO2IY","2018-09-22 23:53:42"
1591,"Marvin","XCT01OOD8GZ","2015-10-24 00:44:36"
1592,"Luke","FAW28QGA8LL","2018-02-02 11:41:29"
1594,"Upton","SAP27YYT5BP","2014-04-15 15:20:31"
1595,"Uta","GRB27KRR4HS","2013-05-23 07:39:40"
1596,"Barclay","JAX94VLZ1XK","2014-05-22 23:45:30"
1597,"Lane","XCB33WGM3XB","2017-03-20 12:02:28"
1598,"Kylie","IMQ09CIS5BX","2018-12-12 18:55:28"
1599,"Claudia","BMW41BBN8EY","2017-06-25 12:22:46"
1601,"Justine","LGC34EUU8TH","2016-06-29 23:45:04"
1602,"Baxter","TXT67RTF9FU","2015-04-06 12:53:38"
1603,"Clayton","ONT73TYU8CD","2016-11-08 13:45:10"
1604,"Alden","IGN06UAU5QT","2018-07-05 23:20:38"
1606,"Julian","YYS28XUU9YU","2011-10-24 10:09:24"
1607,"Uta","DUZ27MOQ6XJ","2015-01-08 16:10:14"
1608,"Cassandra","GQV59LTZ8WD","2014-03-22 01:58:52"
1609,"Neve","MDO72IVO0LE","2015-03-15 04:46:26"
1610,"Isadora","BGA44KLZ4RP","2017-08-23 20:14:23"
1611,"Hasad","LQR27BIC3QJ","2016-09-26 11:56:40"
1612,"Inga","ZIX88RSV3YV","2011-10-04 07:08:45"
1613,"Pandora","UAH28AUM5XJ","2018-07-18 17:30:52"
1614,"Zenaida","PAD12JSD6XQ","2017-03-29 00:54:54"
1615,"Drake","VSM91XCR7KD","2016-11-15 05:10:41"
1616,"Quin","DJW08GJB5UX","2018-11-28 22:52:27"
1617,"Oleg","TYT61UDO4ZU","2015-07-18 11:13:32"
1618,"Jordan","TYK20BZH8RA","2011-05-20 06:49:19"
1619,"Irene","NWB16FAB1YR","2011-10-23 20:52:59"
1620,"Darrel","HEW13PQL3ZV","2016-06-08 13:49:42"
1621,"Kai","CEX72TDH4TD","2012-02-01 18:21:37"
1622,"Keith","MQZ19DKH4JO","2016-02-01 10:13:15"
1623,"Duncan","IUN00BRM5EN","2012-08-03 08:04:00"
1624,"Ariel","QRD10ERW4OH","2012-01-29 14:43:46"
1625,"Ivana","XLN25OUJ8SH","2012-04-07 02:23:41"
1626,"Jaquelyn","XLK78ETO3UR","2014-10-08 00:48:41"
1627,"Brandon","UXN12VRB3WB","2014-01-21 17:09:33"
1630,"Matthew","RMB89ISY2HS","2011-09-16 03:40:24"
1631,"Lillian","OIT73PGP2LA","2017-07-26 18:50:04"
1632,"Hadassah","CAT14HDG1EP","2016-10-20 12:32:16"
1633,"Thor","YDE72XNY8YL","2013-12-08 20:44:35"
1634,"Tiger","QTP66MUH3RA","2012-02-14 03:34:41"
1635,"Miriam","MEV47UKY1VB","2015-03-27 10:45:57"
1636,"Ciaran","KWH60MGM3JA","2017-09-04 03:23:15"
1639,"McKenzie","AJF51CTK6HM","2011-10-01 00:03:14"
1641,"Mannix","VUK64XJR2WE","2012-12-23 04:53:03"
1643,"Yvonne","YIX81YVS0DB","2011-01-05 16:53:38"
1644,"Xanthus","VHK99DWJ1YT","2014-02-04 08:34:53"
1645,"Barry","DRH67CLC5KN","2011-03-12 12:37:29"
1646,"Tallulah","BRG36GNN9CC","2014-03-15 01:10:00"
1647,"Aurelia","ICH98RWN9UN","2015-01-08 05:09:16"
1648,"Rae","CDT50KGB2ZU","2015-03-31 07:38:11"
1649,"McKenzie","IZJ86DAL6JU","2014-08-10 22:09:57"
1651,"Jackson","NDX06YQK6CA","2013-03-27 08:44:30"
1652,"Bryar","YNR13HLM8CQ","2018-11-30 17:16:54"
1653,"Scarlet","SMC29BUJ7GF","2014-02-12 03:47:22"
1655,"Brielle","PWK34DDX3KI","2016-03-01 19:24:46"
1656,"Whoopi","NBX53NTK9DX","2018-04-02 09:10:25"
1657,"Zephr","CTN31DMC5RR","2012-02-12 09:58:52"
1658,"Phoebe","LWX47EIH9BK","2018-05-15 20:54:15"
1659,"Preston","NUS23OTO9TQ","2016-11-28 15:04:59"
1660,"Wade","UYI86PYV6ML","2018-11-23 18:00:49"
1661,"Cara","XBI22QLS7ZZ","2012-02-26 11:28:13"
1662,"Piper","VQI54NVD9NF","2013-02-01 03:31:51"
1663,"Griffin","UVU52AWM3BZ","2014-05-14 20:14:57"
1664,"Xanthus","WIG13LKE4MP","2012-11-02 09:51:45"
1665,"Kiara","IYI44NPZ0PA","2018-07-08 19:06:56"
1666,"Dacey","RCT87FCA9AI","2011-06-19 20:39:04"
1667,"Dante","JNY35GXZ4XO","2015-04-09 12:21:51"
1668,"Kenneth","HPV20VHO3ES","2011-01-29 00:42:47"
1669,"Winter","TVQ29KOE9XM","2017-07-22 08:37:07"
1670,"Ignacia","DXD92CWR5OY","2013-08-17 00:45:06"
1671,"Ivor","MUE58JXD9LP","2017-12-09 05:55:09"
1672,"Devin","IIG62YPL6XX","2015-06-08 01:59:35"
1673,"Nina","FPS54ZLW7SH","2014-09-01 11:03:36"
1674,"Alana","MLJ75PAY8DV","2015-09-02 12:30:01"
1675,"Walker","IEA15MIV2MB","2014-02-26 20:25:34"
1676,"Brielle","SJC32AWZ1YI","2012-09-17 15:26:14"
1677,"Dorian","HVZ79FHM1CV","2014-05-14 05:47:12"
1678,"Hoyt","ZWG74ILY9CV","2015-06-13 03:54:36"
1679,"Lev","GSY83CDT7GU","2018-09-03 09:01:15"
1680,"Gary","HVD02SMA6XH","2011-08-14 23:51:35"
1681,"Kelly","YBT28SSS6SQ","2012-02-22 23:24:53"
1682,"Murphy","UTK88JJS2TE","2015-03-27 06:37:23"
1684,"Yetta","LSG89ULO2TM","2014-06-06 05:13:18"
1685,"David","BAO26WLF7SI","2011-10-18 12:40:32"
1686,"Jonas","FEQ96YYL8TM","2016-11-04 15:25:22"
1687,"Fredericka","MCU99IYF4WP","2017-06-19 21:11:47"
1688,"Sarah","MKA83MFI2LS","2014-04-08 11:36:57"
1689,"Quail","GXY74MCD0QC","2017-06-10 10:35:45"
1690,"Daquan","ZKU55CIO8VU","2014-04-04 14:04:25"
1691,"Medge","RDS82XMY0PG","2016-02-17 23:19:49"
1692,"Willa","DFJ80CVN9RP","2012-12-08 09:39:22"
1693,"Aileen","PDC17GGT1WZ","2015-08-01 00:05:39"
1694,"Colette","FAY39NML2BY","2017-11-25 04:40:18"
1695,"Victoria","LAA30SKN1EH","2013-09-25 13:10:03"
1696,"Felix","CYM98GDU9PA","2012-06-07 22:59:47"
1697,"Casey","YKD67PYR7IC","2016-10-07 16:59:08"
1698,"Yuri","TIY99FQQ7SN","2012-12-24 03:10:00"
1699,"Lester","RHR32ZDL8YM","2013-01-20 16:29:47"
1700,"Rama","KDS38GAE1IR","2014-04-05 18:38:01"
1701,"Cheryl","STS06NQV3ZN","2011-09-12 21:41:16"
1702,"Leandra","BYI74FRX9RW","2018-05-19 05:01:57"
1704,"Kieran","HKT16AAD0XV","2013-07-29 15:43:45"
1705,"Rafael","ASP51NPI1JP","2014-11-01 22:08:38"
1706,"Kiona","UJG69KWK0YS","2016-05-18 09:21:09"
1707,"Kaitlin","PGM24RSZ9PE","2017-06-18 11:20:11"
1708,"Beverly","GLF69FVB8LY","2016-12-22 14:18:18"
1709,"Brynn","IGP77MPA2MY","2014-07-03 02:26:49"
1710,"Judith","YOL31MIA5GC","2011-12-06 19:24:35"
1711,"Mona","DBQ45RPB4AF","2015-05-01 07:30:44"
1712,"Fritz","ROA95XOB8UN","2015-11-11 01:21:49"
1713,"Kylie","SUS45XNR9GD","2016-09-24 18:09:42"
1714,"Cara","GBX19LGQ5UZ","2016-06-04 05:01:34"
1716,"Alexander","VUD24LWU2WG","2015-05-26 03:33:48"
1717,"Leigh","GSK78OED0HZ","2014-01-28 02:42:48"
1718,"Salvador","KYS43EBK0GP","2015-07-22 23:53:57"
1719,"Risa","KJG63PGX6VS","2016-12-20 01:54:23"
1720,"Zephr","TRI34RAN4FW","2015-10-15 19:18:51"
1722,"Seth","KKD98THJ7TN","2015-04-23 05:01:45"
1723,"Ralph","WUU69EES0TW","2015-12-18 23:47:03"
1724,"Noel","XIO43YFM2BV","2014-01-19 12:48:40"
1725,"Gabriel","BTZ29ADT3XB","2012-11-28 11:35:23"
1726,"Amir","ZMJ48ATM9UV","2013-08-04 01:01:25"
1727,"Nita","LKQ37OET5GE","2017-04-14 13:55:26"
1729,"Michael","FGY18CRS6HM","2016-02-11 10:53:33"
1730,"Alec","HRZ26TBE9KS","2016-12-18 02:33:07"
1731,"Dexter","UXK07XHW7NE","2018-02-01 16:46:11"
1732,"Tobias","RXL49ONT4MN","2015-02-01 19:38:10"
1733,"Lisandra","CFF73AKG4PJ","2013-04-17 01:19:11"
1734,"Dale","WLK23ITU9DU","2015-06-23 12:05:21"
1736,"Charde","ZSV71NMV1NR","2014-10-13 14:29:32"
1737,"Mona","DNQ86TLD4MS","2015-08-12 00:07:13"
1739,"Ray","XBJ45HFI2LQ","2014-01-31 12:00:29"
1740,"Dante","PIP84URC1OU","2016-05-19 09:42:38"
1741,"Eleanor","MDB14ZRI7JS","2015-03-21 20:33:45"
1742,"Sybill","JEW33HIT3OB","2014-02-10 07:11:02"
1744,"Xerxes","PMX05BCV3FF","2011-12-10 21:56:32"
1745,"Elijah","VKP53HCE4IN","2012-09-17 02:14:45"
1746,"Bell","QEP08JRR6YB","2018-06-03 02:52:26"
1747,"Jeanette","AEO35UMP5YJ","2015-07-10 19:07:12"
1748,"Angelica","UIZ08ZAI7PK","2015-08-02 10:46:58"
1749,"Bethany","REQ19KXH1AL","2016-03-24 05:57:54"
1750,"Gabriel","TCR09AGD5BZ","2016-06-04 09:55:52"
1751,"Yael","ZYL73BQO4CQ","2012-10-25 05:24:12"
1752,"Kiona","MAO71VAS5JN","2015-06-22 01:34:40"
1753,"Candace","CRY56GFC6LC","2015-01-10 03:38:29"
1754,"Isaiah","SHL68SHK7FX","2015-05-24 02:41:58"
1755,"Ria","OLG30GCJ4RJ","2015-07-24 00:19:48"
1758,"Regan","FUI94CAP5QY","2017-04-09 18:14:57"
1759,"Joel","RMB46BUP0AG","2017-10-13 14:40:17"
1760,"Hector","HKJ02RDH1NM","2015-06-18 12:02:55"
1761,"Rowan","GRK11AQN0ZY","2013-11-02 10:46:13"
1762,"Oren","RRX39MEK8PW","2016-05-15 06:50:43"
1764,"Gary","XWN11TVB8EJ","2017-10-27 06:41:50"
1765,"Nathaniel","JCD41BVI2HE","2015-10-14 12:03:48"
1766,"Yoshio","XLX47OLE9GJ","2012-11-05 15:45:44"
1768,"Wade","KRT23IZG1QY","2015-11-06 12:52:21"
1769,"Stuart","NEV54AQS3TM","2016-02-25 22:49:07"
1770,"Yoko","XLK16VNN6GL","2016-08-22 15:38:11"
1771,"Hakeem","DRY31DDF3ZV","2018-05-23 01:00:31"
1773,"Lacy","ACC03LOQ0NJ","2017-12-24 02:09:55"
1774,"Jerry","VLU71BVO0ZJ","2018-02-10 17:44:05"
1776,"Chastity","CKN04KZB1CB","2014-10-14 12:35:03"
1778,"Tate","RYQ93MUX9LM","2011-12-16 14:58:53"
1779,"Cade","MZW10VOZ9GV","2018-09-21 00:22:36"
1780,"Branden","RKV70SMD8WU","2016-01-11 04:50:14"
1781,"Bianca","FKB30VRX6JX","2016-05-19 09:55:19"
1783,"India","SLG38LJB6EF","2011-06-25 22:58:22"
1784,"Freya","KOC73ITJ0LI","2014-08-03 13:19:48"
1785,"Paul","HXM43WLQ3PW","2016-01-24 09:52:58"
1786,"Phyllis","LQM73CHD9XP","2016-03-08 09:23:21"
1787,"Hoyt","AZN51EOX9OS","2017-02-12 05:00:58"
1789,"Cooper","GWM25OXN1SP","2018-01-18 02:52:13"
1790,"Sophia","BFX76ENG3DW","2018-10-25 16:00:20"
1791,"Tyrone","PNM23PSE4YT","2013-03-27 14:39:22"
1792,"Ebony","OKW42XHY9RC","2011-06-22 08:05:31"
1794,"Armando","WDO31JIC8KK","2012-08-17 02:56:00"
1795,"Cole","XFP70TEY7FT","2013-04-11 05:05:07"
1796,"Keiko","HAU49UCO8YO","2018-01-14 18:17:26"
1798,"Merrill","JIF81AXF3AK","2018-01-29 11:24:10"
1799,"Brenna","BAZ40QZA6SW","2018-02-02 06:23:40"
1800,"Elmo","AGF91NVX9QQ","2017-01-27 00:18:22"
1801,"Jolie","YJA44VKW3XU","2012-10-15 17:20:07"
1802,"Brianna","OPK62SVB0SM","2017-03-30 20:42:39"
1803,"Rudyard","VES38AOG6CP","2015-07-31 23:34:50"
1804,"Addison","TZQ86NHA7GX","2013-04-02 23:04:02"
1805,"Melvin","IKS38PJD0LD","2015-12-31 04:53:58"
1806,"Gareth","LOH73PNQ2XR","2015-11-14 23:58:55"
1807,"Erica","PRW62QUU1OG","2015-01-06 20:22:35"
1808,"Rebecca","LVS63ZBV9CU","2014-06-03 11:01:30"
1809,"Lawrence","AVB43EIN9YX","2018-05-16 03:29:00"
1810,"Vernon","KAX44BSF9VO","2012-08-04 04:25:08"
1811,"Ocean","DQW53FNW8TO","2012-05-20 00:08:04"
1813,"Natalie","NGD60XZK7UI","2013-07-16 18:09:27"
1815,"Aaron","JYJ57UWO4OJ","2012-04-09 08:08:11"
1817,"Lareina","LSI23UZD3CE","2012-11-14 07:45:02"
1819,"Dominic","ZJR07KCA2GK","2014-10-31 18:42:04"
1820,"Dale","UJW27MPS5LV","2013-11-20 12:55:50"
1823,"Warren","RCA94YDH4VO","2016-08-29 20:59:47"
1824,"Inga","KES77EHF9YA","2012-03-31 18:50:04"
1825,"Abel","QVK49DYB3CQ","2015-03-06 01:54:12"
1826,"Kevyn","QMS39SWE8FQ","2018-10-11 19:48:50"
1827,"Hollee","FNF65UQK3YL","2015-05-20 11:35:03"
1828,"Declan","CGN18EFO9BF","2017-09-20 23:11:13"
1829,"Hedda","PLO49XWZ4WV","2011-10-16 03:45:32"
1830,"Martha","DEV89YBV0JY","2014-10-01 06:41:50"
1831,"Nichole","SJP82ODQ8ZT","2012-10-10 22:32:25"
1832,"Nasim","WAW07YZM2BQ","2017-06-24 15:30:27"
1833,"Laurel","JND04MKP4RZ","2014-07-17 02:46:52"
1835,"Julian","ABR95THG7TR","2011-02-26 04:34:50"
1836,"Dylan","HUK50LTM9QD","2014-09-01 03:32:29"
1837,"Kieran","SAC23ISM3DK","2015-05-03 21:03:16"
1838,"Driscoll","WMS26ZZO9MI","2013-02-15 00:03:10"
1839,"Meghan","VOH28PCZ4OP","2015-12-09 08:29:13"
1840,"Hector","MBB99HMN4YG","2018-09-20 20:20:24"
1841,"Victor","LRD33SQU8AY","2012-12-30 17:34:33"
1842,"Grady","OHS15EMQ7EY","2016-08-10 04:31:17"
1843,"Ursula","GCQ67UAP0BK","2015-05-09 16:07:19"
1844,"Ezra","HPM08ZDH0KM","2016-08-08 10:07:00"
1845,"Yvette","AYR88KJV6CQ","2014-02-04 10:54:04"
1846,"Sydnee","SMX40GUO5TF","2014-08-22 02:29:39"
1847,"Howard","UMZ09DGT8UQ","2016-04-24 18:13:17"
1849,"Austin","QKX75NCW2PX","2018-08-09 11:40:29"
1851,"Levi","PZY75CGO9CG","2015-09-05 13:18:50"
1852,"Marvin","KZZ15EHB1LS","2015-04-12 15:15:53"
1853,"Byron","QZI17MOO4VX","2018-02-17 16:27:46"
1854,"Cora","ZBF34VBH2MO","2017-05-23 21:04:48"
1855,"Otto","TLX12IDK4RA","2014-11-06 14:01:48"
1856,"Benedict","HMV28YUV7EC","2018-05-19 04:01:24"
1857,"Zeph","AVE35ATG2JL","2016-11-28 01:01:17"
1859,"Theodore","OYD75LER2IO","2018-06-26 18:00:45"
1862,"Charles","FBC39CNE5HW","2016-07-16 02:51:44"
1863,"Yoko","GPF38NJM4VN","2017-08-26 21:22:31"
1865,"Kim","MRN51LRS6BA","2011-02-18 06:14:26"
1866,"Paul","IFB41IGC9NA","2011-11-22 22:01:35"
1867,"Lysandra","MXA22MDQ5QC","2015-11-14 13:19:31"
1868,"Samantha","DVZ98WER6BO","2018-11-07 15:07:09"
1870,"Liberty","WKI86FAL2XI","2011-11-04 06:10:58"
1871,"Aspen","IUD38FGQ4SW","2018-12-30 13:12:25"
1872,"Phillip","NTC09KMY1VG","2015-01-16 21:45:59"
1873,"Fiona","PXJ77PHY0DS","2014-08-22 14:58:58"
1874,"Warren","LFW25XSE3IN","2012-10-30 18:58:15"
1876,"Amber","BAD47XXW5AK","2015-12-09 06:43:57"
1877,"Bert","MTB45YMI9UV","2013-03-01 04:56:43"
1878,"Ali","UZJ95SZS3QG","2016-01-24 05:14:14"
1879,"Keegan","MBX78GYD8SN","2014-01-28 01:19:05"
1880,"Magee","URN71ZAM5EW","2016-10-05 06:18:53"
1882,"Guinevere","KUI58MDD6CE","2017-01-17 00:45:26"
1883,"Herrod","BLL65JGF7BX","2016-09-11 11:54:19"
1884,"India","JBX57MPS7IA","2015-11-09 10:57:19"
1885,"Emily","ZTM30KMA9IT","2012-07-10 07:25:01"
1886,"Frances","YFW42SHQ0AG","2016-09-22 13:37:29"
1887,"Jonah","LGE99RAM7UU","2016-03-09 10:27:56"
1889,"Avye","RXC42DFX0UG","2014-12-12 18:52:30"
1890,"Tyler","EBF31CRG5UG","2012-08-03 17:53:13"
1892,"Murphy","CUB80DAE9JI","2016-10-06 23:23:04"
1893,"Kadeem","UYK44HKX8VA","2011-09-27 01:42:39"
1895,"Cassady","JVV66YJM9GL","2012-01-28 12:44:53"
1896,"Stacey","HWY83IRC5GH","2017-09-27 13:20:10"
1897,"Ocean","JRN64EFS8VW","2012-03-25 12:28:42"
1899,"Eaton","OJE15MJK4HN","2018-04-11 03:57:15"
1900,"Alea","XUJ70WJD1QE","2011-10-21 10:18:08"
1901,"Emi","YRX90BFL3QG","2011-02-03 13:48:09"
1902,"Sonia","VNY97JBB3DJ","2012-03-12 09:02:15"
1903,"Keane","XSV24TME9OP","2017-09-14 08:36:54"
1904,"Merritt","XNT76ZSD7RD","2014-03-14 22:48:36"
1906,"Claire","MQI03CUI5UT","2015-11-01 16:10:46"
1909,"Logan","ODU26KTY5HR","2017-07-25 01:42:52"
1911,"Graham","AEI61WPO9CE","2017-08-01 13:00:03"
1913,"Yardley","BMK10AWS9YF","2017-11-27 04:20:38"
1914,"Talon","KYP96ITW2BI","2011-10-26 20:49:47"
1915,"Sloane","JJY25AUG8IW","2015-03-17 16:36:08"
1916,"Courtney","PYS65CEF4RS","2011-07-08 20:44:38"
1917,"Nasim","BER29BFC5QX","2014-07-03 03:36:06"
1918,"Abraham","DJS51JZM0WQ","2013-06-10 07:01:39"
1919,"Marshall","NKY12UUH2JC","2018-01-09 01:42:17"
1920,"Willa","QRB70XZG8JD","2012-05-17 12:18:27"
1921,"Kevin","EKA58RBR5PA","2018-07-21 09:50:07"
1922,"Wang","XBA90ZBA7IO","2018-05-01 01:07:46"
1923,"Uriel","HCZ10GQT0WS","2017-05-04 03:23:59"
1924,"Hakeem","NQM64UPL4GZ","2011-04-30 12:03:41"
1925,"Arden","KDS69VPS1JJ","2013-07-05 01:39:53"
1926,"Keiko","JAT92KIC1LL","2014-04-06 18:18:21"
1928,"Sage","HVK29LCU3QH","2012-09-01 13:39:38"
1930,"Judah","EPP07AQV4SG","2016-01-17 04:48:37"
1932,"Imelda","ZDX86BKD0JL","2014-07-29 03:23:35"
1933,"Garrison","JTL41NNS0YH","2015-10-22 18:24:21"
1934,"Samson","IPT54CIH7FZ","2017-09-29 05:42:00"
1935,"Maisie","TLK15GIB9ZG","2016-09-09 21:25:25"
1936,"Steven","VFO73FTD7EX","2011-12-25 09:03:34"
1937,"Genevieve","BMN66RWK5NI","2013-06-18 23:17:51"
1938,"Phoebe","HET10JLI1IA","2011-06-18 00:16:07"
1939,"Chastity","FYF62RZB5PY","2011-02-03 10:03:43"
1940,"Harding","DLE74CKG5HD","2014-06-06 23:16:28"
1941,"Aiko","IVA80EBI9EK","2012-01-17 20:06:13"
1943,"Paul","YOA00XEY0GV","2016-08-01 09:42:37"
1944,"Evangeline","DMQ95LWA7ON","2011-09-07 21:08:16"
1945,"Fatima","ZRA35XLQ0UZ","2017-06-16 04:46:07"
1949,"Logan","HKG26NGC2UD","2014-10-27 13:17:08"
1951,"Caldwell","GJZ25EXU1JJ","2013-04-14 21:40:57"
1952,"Zeus","HBH30XTB8GM","2012-10-29 09:41:03"
1953,"Maxwell","GKX36XTP5YJ","2016-12-15 08:41:10"
1954,"Martha","WHT26XDB6LB","2017-08-03 12:02:18"
1955,"Martha","SPA85QUC6RJ","2012-01-17 04:34:54"
1956,"Moana","IPI94JEP0UV","2011-07-16 10:25:24"
1957,"Damon","YDZ07UKO7BF","2017-12-30 06:53:00"
1958,"Cade","RUY37YLF1HB","2016-11-02 22:21:06"
1960,"Yeo","VIS28ETF2YY","2018-03-24 12:39:40"
1961,"Amena","MYY97SXC7KT","2014-06-28 00:13:41"
1962,"Jordan","BLF66RZW9OE","2015-09-08 09:16:32"
1963,"Laura","RPM12LYT9GK","2018-05-01 18:46:23"
1964,"Ezekiel","PDR05WMI8NF","2014-04-01 13:10:23"
1965,"Frances","SLJ15SPV2IY","2016-12-08 00:37:20"
1966,"Reed","CGM22BYQ8YR","2015-08-24 01:19:50"
1967,"Angelica","FMZ98LIB8OK","2012-09-07 15:52:18"
1968,"Cleo","SMF90QYB2TH","2018-12-18 06:53:12"
1970,"Shea","PNW59FJE1VE","2018-09-01 10:30:49"
1971,"Reece","JWF04ATQ8RW","2015-05-28 21:00:41"
1972,"Ivor","MRL41RCL8XR","2018-05-08 13:36:39"
1974,"Noel","HFP95QNC8DO","2017-10-13 08:27:47"
1975,"Ciaran","YKQ17IED3EN","2013-02-06 14:21:03"
1976,"Ebony","UEJ34SWX3ZL","2013-08-22 17:41:09"
1977,"Felix","JCE51HBR3SL","2017-01-05 13:29:32"
1978,"Henry","MRR35SCA2CR","2011-02-13 19:46:31"
1979,"Nash","SSC21IVB9EM","2017-06-09 10:10:30"
1980,"Hamish","EFX26DPD8WX","2011-08-26 06:22:15"
1981,"Clare","RBK14YFR6BV","2016-11-03 23:08:58"
1984,"Ulric","QIY76FQT4QP","2014-03-27 20:40:19"
1986,"Bruce","IZP80PNH0VX","2011-05-05 05:47:18"
1987,"Minerva","RXK79RSR0WW","2018-11-15 20:09:27"
1988,"Shea","YMP11IPJ5QY","2012-06-30 12:43:52"
1989,"Bertha","DYK36HTT2RR","2013-09-16 20:04:03"
1990,"Adara","FMA26EBB3PP","2015-07-20 19:06:32"
1992,"Stuart","GJA89CFD4EL","2018-03-13 03:25:34"
1993,"Flavia","NYM80IUJ5JB","2012-11-17 12:06:23"
1994,"Frances","TAC87AYK9GO","2015-07-06 11:16:41"
1995,"Charles","ZVG03FAL7LG","2017-12-30 07:48:48"
1998,"Dieter","EQC98MQV7PK","2017-04-19 16:08:23"
1999,"Kaseem","ZRS53OFQ7VK","2014-11-17 21:42:46"
2000,"Kai","WGS52WVN5WS","2012-01-01 00:34:27"
