11,1082,"Aliquam.nec.enim@nequeIn.co.uk","2011-02-10 17:01:10"
18,1476,"nec.quam@elitelit.com","2011-03-15 21:56:31"
24,1167,"ornare@ridiculus.edu","2011-06-17 21:09:20"
30,756,"Curabitur.sed@placerat.ca","2011-03-18 04:18:57"
42,1794,"lacinia@Suspendissenon.net","2011-12-13 04:00:17"
47,124,"luctus.ut.pellentesque@seddui.","2011-05-29 10:32:00"
55,1045,"penatibus.et.magnis@nibh.com","2011-01-02 12:05:28"
93,743,"vulputate.velit@idsapien.org","2011-03-12 04:38:58"
102,1063,"arcu.vel@enimcondimentumeget.c","2011-05-23 01:40:12"
120,507,"mattis@dictum.org","2011-10-07 05:30:40"
129,196,"et.malesuada@arcuMorbi.net","2011-05-01 15:41:56"
135,622,"rhoncus.Proin.nisl@Aliquam.edu","2011-06-13 19:36:09"
152,132,"ut@orcilacus.edu","2011-08-19 11:47:38"
163,1327,"sed@Cras.com","2011-01-15 12:01:32"
165,1601,"vel.quam.dignissim@Donecelemen","2011-08-18 17:00:06"
192,1335,"Nunc.ut@euismodindolor.com","2011-10-26 13:41:29"
208,1616,"mi.pede@eterosProin.org","2011-07-11 01:15:36"
219,1284,"odio.a@elitpedemalesuada.org","2011-03-20 01:40:30"
221,1695,"turpis.egestas.Fusce@Namligula","2011-10-04 01:08:57"
231,861,"sit@sem.co.uk","2011-09-06 14:20:52"
238,784,"ultricies@Duis.co.uk","2011-10-03 15:07:39"
239,409,"orci.quis@Duis.co.uk","2011-06-25 07:07:01"
241,1501,"vestibulum.massa@egetdictum.ed","2011-06-07 20:19:54"
250,1996,"et@eteuismodet.net","2011-03-30 08:00:45"
254,540,"interdum.ligula.eu@aliquameuac","2011-11-16 05:56:02"
264,1041,"fringilla.ornare@enim.com","2011-03-09 05:25:45"
284,641,"sem.molestie.sodales@atlacusQu","2011-01-26 22:47:08"
292,877,"laoreet.ipsum.Curabitur@Etiamb","2011-11-26 13:26:33"
305,1275,"nulla.Integer.urna@Mauris.ca","2011-06-28 04:00:17"
357,1296,"lectus.rutrum@massaVestibulum.","2011-06-25 06:29:06"
379,1935,"ornare.sagittis.felis@Donecnon","2011-10-15 17:12:29"
381,929,"montes.nascetur.ridiculus@ante","2011-07-23 01:53:39"
382,291,"sed.libero.Proin@leo.edu","2011-02-09 14:05:17"
387,1338,"In.scelerisque.scelerisque@eni","2011-12-22 02:57:38"
397,11,"et.tristique.pellentesque@Done","2011-04-19 13:46:06"
407,1894,"tincidunt.nibh.Phasellus@euero","2011-09-20 14:48:17"
411,726,"ut@CuraePhasellus.com","2011-09-01 14:08:33"
424,112,"ac@metusIn.ca","2011-07-06 14:53:06"
445,613,"Etiam.laoreet.libero@hendrerit","2011-06-09 13:29:17"
452,452,"sed.tortor@Crasdictumultricies","2011-09-09 11:57:17"
461,720,"tellus.Phasellus@semper.org","2011-11-26 13:30:26"
498,1166,"eget@nonmassa.net","2011-06-05 16:16:47"
504,1650,"aliquet.nec.imperdiet@Sedeu.ed","2011-02-15 13:47:52"
513,1705,"id.erat@egetdictum.edu","2011-08-13 13:39:29"
514,145,"posuere.enim.nisl@Sedauctor.ed","2011-03-04 18:46:24"
520,1610,"eu@urna.edu","2011-03-16 09:17:23"
523,1821,"primis@faucibus.com","2011-04-13 00:24:24"
528,803,"Phasellus.nulla.Integer@risus.","2011-06-12 20:43:10"
534,1566,"euismod.enim@tellus.edu","2011-12-17 23:36:38"
542,285,"dapibus.quam.quis@parturientmo","2011-07-13 04:26:22"
581,559,"nunc.risus@Sedmalesuada.com","2011-03-02 05:54:29"
595,653,"eu.accumsan.sed@ac.co.uk","2011-12-19 02:26:31"
619,1197,"venenatis.vel@cubilia.ca","2011-09-08 17:12:31"
620,1867,"Suspendisse.aliquet@sedtortor.","2011-10-02 17:50:46"
622,896,"velit.Sed@sodalesMauris.org","2011-12-23 18:04:50"
635,885,"Integer.mollis@nequeIn.com","2011-05-01 18:18:26"
641,460,"orci@ullamcorperviverraMaecena","2011-04-10 05:50:04"
651,251,"ac@actellusSuspendisse.com","2011-12-29 03:08:42"
653,289,"Mauris.ut@Quisquepurus.edu","2011-01-15 11:26:44"
671,1301,"eu.arcu.Morbi@etnuncQuisque.ca","2011-04-01 11:28:43"
683,1688,"vel@magna.co.uk","2011-05-27 21:17:58"
684,368,"Vivamus.nisi@Integer.ca","2011-12-25 19:42:35"
689,506,"arcu@posuerevulputatelacus.org","2011-03-08 16:38:14"
691,1301,"gravida.non@Maurisutquam.com","2011-05-25 17:19:19"
702,881,"dui@perconubianostra.co.uk","2011-11-29 02:05:07"
706,1175,"mollis.nec.cursus@est.co.uk","2011-08-17 12:53:14"
713,70,"nec@lacusUt.com","2011-01-05 22:44:35"
714,1324,"ultrices.posuere.cubilia@nasce","2011-05-13 05:33:36"
717,465,"penatibus@velitPellentesque.ed","2011-01-25 05:42:56"
725,1648,"egestas.urna.justo@ut.org","2011-04-20 22:03:56"
729,187,"odio.vel@nullaIntegervulputate","2011-05-09 16:57:18"
740,429,"eros.turpis@lobortis.ca","2011-07-14 23:28:32"
759,880,"risus.at@et.edu","2011-08-22 05:18:48"
769,641,"enim.Etiam@Morbiquisurna.com","2011-12-24 18:05:36"
774,1110,"risus.Donec@euelit.org","2011-07-06 02:20:23"
797,1694,"mattis@etultrices.edu","2011-01-25 10:13:23"
804,746,"penatibus@posuerecubiliaCurae.","2011-04-14 02:58:28"
821,1580,"non.justo@risusIn.co.uk","2011-01-16 22:42:11"
825,1333,"Donec@accumsan.co.uk","2011-09-23 01:29:17"
829,780,"risus.Donec.nibh@euduiCum.ca","2011-03-26 07:50:53"
843,379,"hendrerit.neque.In@variusultri","2011-03-12 03:41:17"
889,1501,"nisl.Quisque.fringilla@Integer","2011-05-15 14:09:23"
901,1198,"Cras.vulputate.velit@Etiam.com","2011-12-24 14:18:34"
906,1492,"et.netus.et@necorci.org","2011-10-07 17:14:18"
923,870,"sapien@placerataugueSed.edu","2011-02-14 19:47:52"
938,1971,"nec.luctus.felis@etrutrumeu.co","2011-09-30 03:49:54"
941,751,"metus@Nuncquis.edu","2011-05-22 04:48:16"
953,1528,"a.magna@vel.ca","2011-01-17 10:53:37"
955,857,"bibendum.Donec.felis@montesnas","2011-03-02 19:21:42"
968,869,"Nulla@urna.edu","2011-06-19 16:04:01"
971,1347,"interdum.Sed.auctor@Integer.co","2011-10-10 12:23:40"
990,95,"et.lacinia.vitae@felisorciadip","2011-11-20 05:57:17"
994,1680,"et.nunc.Quisque@nisl.com","2011-02-19 08:55:32"
998,1062,"feugiat.placerat.velit@faucibu","2011-12-01 21:56:33"
1000,813,"lectus.justo@Nulla.net","2011-07-02 15:37:46"
1003,697,"Suspendisse@egestashendreritne","2011-08-15 01:12:26"
1029,1405,"neque.Morbi.quis@Duisacarcu.or","2011-07-01 12:43:37"
1030,1100,"nec@risusDuisa.org","2011-04-19 17:22:09"
1032,462,"Phasellus.in.felis@dolorsitame","2011-10-25 21:15:22"
1046,1087,"sit@vitae.com","2011-11-12 04:20:19"
1050,429,"a@Seddiam.edu","2011-07-30 19:41:36"
1058,1299,"nunc.Quisque.ornare@neque.co.u","2011-03-09 09:32:16"
1061,136,"gravida.non@Fusce.co.uk","2011-12-08 04:50:38"
1069,772,"ridiculus.mus@Nullaaliquet.org","2011-07-27 13:39:14"
1070,974,"Duis@velit.co.uk","2011-06-19 08:49:16"
1092,1952,"Phasellus@cursusvestibulumMaur","2011-10-25 16:24:00"
1094,442,"quis.accumsan@Phasellus.ca","2011-03-21 07:16:39"
1095,1478,"Suspendisse@felis.com","2011-12-10 12:20:06"
1147,1169,"amet.risus@velfaucibus.com","2011-05-09 05:40:04"
1154,1463,"eu.nulla@ut.org","2011-10-21 00:56:49"
1158,1323,"laoreet.lectus@ipsumprimisin.c","2011-05-14 13:02:04"
1165,801,"augue@id.org","2011-07-09 10:25:11"
1167,1658,"rutrum.non.hendrerit@tincidunt","2011-07-04 12:21:50"
1174,634,"metus.Aliquam@posuerecubiliaCu","2011-01-14 10:27:08"
1175,1215,"felis.Nulla@nonsapienmolestie.","2011-02-06 11:03:09"
1177,1489,"ultrices@sedpede.ca","2011-01-16 09:29:00"
1178,245,"augue.malesuada.malesuada@tinc","2011-05-31 01:03:56"
1188,727,"tristique@ullamcorper.co.uk","2011-03-14 17:30:36"
1192,899,"urna.Nunc.quis@sitametultricie","2011-01-14 19:29:31"
1205,1988,"feugiat.metus@Nuncacsem.org","2011-12-01 07:34:47"
1217,344,"venenatis.a.magna@musProin.co.","2011-11-29 13:47:35"
1229,1403,"Aenean.egestas@Morbi.edu","2011-09-29 00:40:40"
1233,554,"at@Quisqueimperdieterat.ca","2011-04-15 07:12:44"
1246,213,"Mauris@ultricesiaculisodio.org","2011-09-02 10:47:18"
1256,1097,"nonummy@justofaucibus.org","2011-09-04 07:22:22"
1302,1960,"vehicula@Nullamlobortis.net","2011-08-10 04:11:13"
1305,1239,"Donec@natoque.edu","2011-11-02 04:04:02"
1318,527,"Donec.feugiat@mattisornarelect","2011-02-23 13:55:04"
1325,1463,"eleifend@dolorFuscefeugiat.edu","2011-04-11 03:34:39"
1346,378,"urna.convallis.erat@leoCras.or","2011-09-24 21:11:22"
1352,1587,"Duis@enimdiam.co.uk","2011-11-28 07:11:13"
1356,1440,"dolor.nonummy@turpisegestas.co","2011-09-28 04:43:36"
1361,733,"arcu.vel@mollisDuis.com","2011-04-25 19:41:39"
1366,153,"iaculis.quis.pede@AliquamnislN","2011-10-27 18:29:04"
1380,1009,"mauris@ut.ca","2011-09-07 13:56:41"
1383,1623,"Aliquam.fringilla@MaurisnullaI","2011-03-08 11:34:17"
1393,944,"sem@eratvitaerisus.co.uk","2011-05-22 09:26:39"
1395,654,"lectus.Cum@odioPhasellus.org","2011-08-14 08:08:08"
1397,1558,"facilisis@Donecnon.co.uk","2011-06-07 08:23:58"
1415,1632,"sagittis@eu.edu","2011-06-02 17:03:41"
1417,326,"odio.Nam@morbitristiquesenectu","2011-04-28 05:32:10"
1418,1554,"quis.diam@Sednecmetus.co.uk","2011-04-02 12:30:37"
1420,1384,"ac.libero@nequeNullam.org","2011-08-08 12:02:26"
1432,232,"lacus.Quisque.imperdiet@in.com","2011-09-06 07:32:03"
1451,156,"fringilla@fermentumarcuVestibu","2011-09-24 11:13:34"
1461,1045,"magnis.dis.parturient@porttito","2011-02-07 19:12:37"
1468,559,"consectetuer.ipsum@bibendumDon","2011-03-26 04:12:49"
1482,1633,"metus@lacus.co.uk","2011-10-25 23:15:50"
1484,776,"blandit.congue@turpisnon.co.uk","2011-08-07 05:59:26"
1493,1751,"nunc.sed.pede@Namacnulla.edu","2011-05-15 08:49:27"
1516,140,"magnis.dis@aneque.co.uk","2011-11-29 13:35:32"
1526,1813,"vitae@aliquetPhasellusfermentu","2011-03-23 14:41:13"
1529,173,"massa@non.ca","2011-12-25 03:25:10"
1539,476,"mollis.lectus@luctuslobortisCl","2011-12-04 18:00:06"
1556,861,"magna.et.ipsum@Inatpede.com","2011-08-02 03:24:27"
1567,777,"ante.bibendum@ligulaeu.co.uk","2011-01-13 09:08:19"
1574,543,"Quisque.varius.Nam@inmolestie.","2011-11-08 19:30:04"
1590,662,"odio.auctor.vitae@consequatdol","2011-10-01 01:54:08"
1598,731,"risus.varius.orci@facilisis.ne","2011-04-05 20:36:19"
1635,1064,"elementum.sem@Cras.ca","2011-08-20 13:07:24"
1642,937,"Morbi.vehicula.Pellentesque@ip","2011-02-25 00:15:58"
1656,1966,"nisi.nibh.lacinia@ipsum.co.uk","2011-12-12 13:06:35"
1669,1947,"non.bibendum@tellusjustosit.ed","2011-09-01 14:10:23"
1673,122,"Sed.nec@commodoat.com","2011-04-10 14:49:26"
1676,1429,"ultrices@QuisquevariusNam.net","2011-06-11 07:11:40"
1684,1766,"vitae@tempusloremfringilla.net","2011-06-18 21:39:50"
1685,486,"Mauris@acfermentumvel.com","2011-07-19 18:31:10"
1708,950,"nulla@augueeutellus.co.uk","2011-10-30 13:24:57"
1712,733,"fermentum.metus.Aenean@lectusq","2011-10-09 23:31:45"
1732,1545,"enim.nec.tempus@Namporttitor.c","2011-04-30 20:58:36"
1736,1003,"ridiculus.mus@mollisIntegertin","2011-09-16 14:03:15"
1743,1754,"hendrerit.consectetuer.cursus@","2011-04-22 01:10:24"
1745,398,"massa.rutrum@loremluctus.net","2011-12-14 16:36:14"
1751,310,"Praesent.interdum@bibendumsede","2011-10-11 17:29:23"
1764,1750,"dictum@auctorullamcorper.net","2011-03-30 20:20:36"
1788,918,"pellentesque.a.facilisis@egest","2011-05-23 08:18:36"
1812,820,"tortor.Nunc@aultriciesadipisci","2011-10-10 04:10:40"
1813,1097,"eget.odio.Aliquam@elementumlor","2011-02-13 19:58:19"
1839,1580,"at@volutpatNullafacilisis.co.u","2011-09-07 08:46:16"
1851,107,"tristique.neque.venenatis@nunc","2011-08-28 11:34:57"
1871,309,"Etiam.imperdiet.dictum@ligula.","2011-05-04 13:16:56"
1873,100,"faucibus@nullaIn.net","2011-09-25 00:44:02"
1923,367,"semper.erat@lobortistellusjust","2011-09-04 04:05:43"
1932,299,"elit.pharetra@iaculis.com","2011-04-09 15:35:01"
1940,1484,"a.feugiat.tellus@nunc.ca","2011-02-17 17:21:46"
1941,1317,"eu.turpis@sagittislobortis.ca","2011-06-22 07:52:30"
1944,160,"Donec@mollisduiin.org","2011-07-29 20:13:58"
1965,1827,"commodo.at.libero@dignissim.ed","2011-06-06 07:13:50"
1966,924,"tincidunt.nibh.Phasellus@Pelle","2011-04-03 03:47:37"
1971,1787,"urna@acmattisornare.co.uk","2011-12-09 07:26:35"
1975,760,"felis.Nulla.tempor@euismodacfe","2011-05-06 08:26:18"
1986,1006,"aliquet@Quisquefringillaeuismo","2011-11-07 14:36:49"
